TransactionID,SaleDate,CustomerID,ProductID,StoreID,CampaignID,SaleAmount,Expenses,Coast,,,
1,5/4/2025,1034,2059,402,0,2048.2,70,East,,,
2,5/4/2025,1066,2048,403,1,321.87,3839,West,,,East
3,5/4/2025,1116,2041,403,3,3216.84,501,East,,,West
4,5/4/2025,1071,2096,404,2,1613.23,4959,West,,,
5,5/4/2025,1020,2060,401,0,408.38,1060,West,,,
6,5/4/2025,1089,2028,401,0,1275.88,1552,West,,,
7,5/4/2025,1193,2003,402,1,346.66,1126,West,,,
8,5/4/2025,1005,2079,402,1,855.49,1329,East,,,
9,5/4/2025,1032,2060,401,1,735.08,506,East,,,
10,5/4/2025,1119,2089,403,2,661.63,4596,West,,,
11,5/4/2025,1042,2077,401,,505.65,4165,West,,,
12,5/4/2025,1079,2013,401,2,0,3578,West,,,
13,5/4/2025,1147,2086,404,3,4470.5,1200,East,,,
14,5/4/2025,1183,2025,401,1,503.32,443,West,,,
15,5/4/2025,1026,2089,403,0,413.52,4419,West,,,
16,5/4/2025,1144,2005,403,3,1715.12,410,East,,,
17,5/4/2025,1169,2047,401,2,535.97,1446,East,,,
18,5/4/2025,1003,2053,404,0,3660.9,644,West,,,
19,5/4/2025,1110,2046,404,1,30.09,4377,East,,,
20,5/4/2025,1111,2022,403,3,671.18,2371,East,,,
21,5/4/2025,1119,2055,403,2,?,2897,East,,,
22,5/4/2025,1062,2011,403,3,1229.22,4659,East,,,
23,5/4/2025,1062,2096,404,3,672.18,4813,East,,,
24,5/4/2025,1086,2003,404,2,924.43,3038,East,,,
25,5/4/2025,1046,2062,402,2,1981.95,5767,East,,,
26,5/4/2025,1066,2043,403,2,698.76,1538,West,,,
27,5/4/2025,1142,2001,402,0,1237.05,4850,West,,,
28,5/4/2025,1061,2092,404,3,482.21,2169,East,,,
29,5/4/2025,1142,2097,402,3,4210.5,4016,East,,,
30,5/4/2025,1165,2091,404,3,4528.95,1244,West,,,
31,2023-13-01,1004,2011,403,1,737.53,3870,West,,,
32,5/4/2025,1103,2088,402,2,0,1266,East,,,
33,5/4/2025,1169,2074,403,3,0,3834,West,,,
34,5/4/2025,1141,2067,403,3,872.85,5776,West,,,
35,5/4/2025,1190,2070,403,2,54.69,3653,West,,,
36,5/4/2025,1179,2058,403,2,1066.8,5062,West,,,
37,5/4/2025,1064,2029,401,1,12.16,1199,West,,,
38,5/4/2025,1080,2015,402,1,3037.36,4625,West,,,
39,5/4/2025,1055,2094,404,2,1578.72,3365,West,,,
40,5/4/2025,1185,2075,403,0,0,4176,East,,,
41,5/4/2025,9999,2037,402,2,288.11,3343,West,,,
42,5/4/2025,1045,2038,401,1,1667.72,2392,East,,,
43,5/4/2025,1070,2005,401,2,686.05,3691,East,,,
44,5/4/2025,1178,2016,404,0,0,3860,East,,,
45,5/4/2025,1003,2073,403,3,1498.29,1268,East,,,
46,5/4/2025,1122,2056,403,1,944.5,114,East,,,
47,5/4/2025,1013,2032,404,0,2836.8,3983,West,,,
48,5/4/2025,1016,2051,404,0,117.32,2533,West,,,
49,5/4/2025,1147,2080,401,1,0,650,West,,,
50,5/4/2025,1038,2072,403,0,840.6,782,East,,,
51,5/4/2025,1063,2015,404,1,1214.95,3493,East,,,
52,5/4/2025,1198,2066,404,3,516.06,4352,West,,,
53,5/4/2025,1113,2038,404,2,2223.62,692,West,,,
54,5/4/2025,1145,2079,401,0,1901.08,3840,East,,,
55,5/4/2025,1195,2026,402,2,507.74,44,East,,,
56,5/4/2025,1169,2010,402,1,140.11,2827,East,,,
57,5/4/2025,1044,2070,401,1,0,4746,East,,,
58,5/4/2025,1000,2052,404,3,2193.78,4908,West,,,
59,5/4/2025,1074,2004,402,2,741.8,3719,East,,,
60,5/4/2025,1180,2036,404,0,217.98,4449,East,,,
61,5/4/2025,1175,2029,403,1,36.48,3589,West,,,
62,5/4/2025,1108,2014,402,1,221.67,254,East,,,
63,5/4/2025,1068,2018,401,0,2169.04,2199,East,,,
64,5/4/2025,1042,2039,403,3,2929.32,2425,West,,,
65,5/4/2025,1031,2059,403,3,0,4685,West,,,
66,5/4/2025,1069,2064,404,3,1470.2,5001,East,,,
67,5/4/2025,1020,2076,401,3,4836.42,2740,West,,,
68,5/4/2025,1188,2041,403,0,1608.42,2585,West,,,
69,5/4/2025,1023,2029,401,2,0,3746,West,,,
70,5/4/2025,1147,2005,402,3,0,4641,East,,,
71,5/4/2025,1132,2083,404,2,614.53,2240,East,,,
72,5/4/2025,1046,2074,404,3,659.5,5109,East,,,
73,5/4/2025,1023,2060,403,3,1225.14,2221,West,,,
74,5/4/2025,1085,2041,401,1,1447.58,3881,West,,,
75,5/4/2025,1084,2052,404,2,2925.04,300,West,,,
76,5/4/2025,1169,2051,401,3,117.32,2741,East,,,
77,5/4/2025,1022,2040,403,2,55.26,794,West,,,
78,5/4/2025,1029,2098,404,0,3631.44,5459,East,,,
79,5/4/2025,1168,2069,404,3,232.39,1414,West,,,
80,5/4/2025,1013,2024,403,3,372.81,3150,West,,,
81,5/4/2025,1160,2056,401,1,472.25,680,West,,,
82,5/4/2025,1068,2070,402,2,109.38,2536,West,,,
83,5/4/2025,1112,2089,404,0,2067.6,5040,East,,,
84,5/4/2025,1007,2080,402,1,1498.07,4675,West,,,
85,5/4/2025,1079,2070,401,3,34.18,154,East,,,
86,5/4/2025,1023,2028,401,3,2551.76,1428,West,,,
87,5/4/2025,1030,2082,402,3,799.8,4288,West,,,
88,5/4/2025,1183,2037,403,3,2160.84,2511,West,,,
89,5/4/2025,1123,2060,402,3,2450.28,5543,West,,,
90,5/4/2025,1141,2018,404,1,2440.17,396,East,,,
91,5/4/2025,1153,2065,402,0,470.34,4938,West,,,
92,5/4/2025,1070,2098,404,2,0,849,East,,,
93,5/4/2025,1129,2034,401,2,108.94,5380,East,,,
94,5/4/2025,1185,2038,404,1,1667.72,4402,East,,,
95,5/4/2025,1114,2068,404,2,656.19,2217,East,,,
96,5/4/2025,1085,2070,404,3,0,5228,West,,,
97,5/4/2025,1082,2024,402,3,372.81,1713,East,,,
98,5/4/2025,1059,2099,404,0,1292.64,3672,West,,,
99,5/4/2025,1081,2095,404,3,490.79,2701,East,,,
100,5/4/2025,1098,2084,402,3,0,5583,East,,,
101,5/4/2025,1009,2016,403,0,969.06,4610,West,,,
102,5/4/2025,1112,2012,404,0,1869.57,1202,East,,,
103,5/4/2025,1184,2018,404,1,488.03,2302,West,,,
104,5/4/2025,1019,2060,403,2,0,2816,West,,,
105,5/4/2025,1159,2088,404,0,0,1257,West,,,
106,5/4/2025,1084,2086,404,2,2861.12,1194,East,,,
107,5/4/2025,1160,2091,404,0,905.79,245,West,,,
108,5/4/2025,1158,2008,402,2,159.82,4505,West,,,
109,5/4/2025,1058,2095,401,3,2453.95,3936,West,,,
110,5/4/2025,1025,2097,401,3,842.1,5829,West,,,
111,5/4/2025,1042,2088,403,0,709.35,2280,West,,,
112,5/4/2025,1011,2041,401,2,0,5423,West,,,
113,5/4/2025,1091,2047,404,1,0,3572,West,,,
114,5/4/2025,1062,2067,404,1,0,5014,West,,,
115,5/4/2025,1043,2022,401,3,2684.72,2535,East,,,
116,5/4/2025,1158,2087,402,3,477.96,3304,East,,,
117,5/4/2025,1149,2018,402,3,1626.78,926,East,,,
118,5/4/2025,1163,2032,404,2,756.48,31,East,,,
119,5/4/2025,1170,2001,404,2,659.76,5058,East,,,
120,5/4/2025,1173,2069,402,0,464.78,4713,West,,,
121,5/4/2025,1113,2044,403,3,0,4915,East,,,
122,5/4/2025,1176,2032,404,2,756.48,3480,West,,,
123,5/4/2025,1050,2049,404,0,2819.52,4571,East,,,
124,5/4/2025,1060,2048,403,2,1144.42,1603,West,,,
125,5/4/2025,1179,2037,401,3,1440.56,2539,East,,,
126,5/4/2025,1070,2001,401,3,0,3613,West,,,
127,5/4/2025,1073,2099,402,2,0,3574,East,,,
128,5/4/2025,1056,2081,402,2,0,4685,West,,,
129,5/4/2025,1173,2096,402,0,672.18,1039,East,,,
130,5/4/2025,1160,2082,401,2,426.56,2793,East,,,
131,5/4/2025,1112,2004,403,1,1669.05,4480,West,,,
132,5/4/2025,1023,2037,403,3,2160.84,5220,West,,,
133,5/4/2025,1044,2025,402,2,223.7,2402,West,,,
134,5/4/2025,1135,2064,403,1,793.91,3194,East,,,
135,5/4/2025,1065,2061,403,2,639.74,1000,East,,,
136,5/4/2025,1029,2059,401,1,921.69,2541,East,,,
137,5/4/2025,1193,2028,404,2,1531.06,2748,West,,,
138,5/4/2025,1023,2050,401,2,298.85,3648,West,,,
139,5/4/2025,1137,2015,404,2,539.98,1924,East,,,
140,5/4/2025,1172,2095,403,3,2453.95,3381,East,,,
141,5/4/2025,1163,2047,401,1,301.48,475,East,,,
142,5/4/2025,1120,2003,403,1,1039.99,2484,East,,,
143,5/4/2025,1165,2008,404,2,53.27,3695,West,,,
144,5/4/2025,1166,2052,401,1,658.13,949,East,,,
145,5/4/2025,1011,2004,403,3,3709,1149,East,,,
146,5/4/2025,1029,2012,402,1,0,2659,West,,,
147,5/4/2025,1099,2058,403,3,666.75,5905,West,,,
148,5/4/2025,1150,2095,402,3,490.79,1867,East,,,
149,5/4/2025,1167,2012,404,3,0,1812,East,,,
150,5/4/2025,1071,2004,403,1,834.52,3140,West,,,
151,5/4/2025,1113,2056,402,2,839.55,5290,West,,,
152,5/4/2025,1025,2087,403,2,0,47,West,,,
153,5/4/2025,1015,2050,403,1,504.31,3244,East,,,
154,5/4/2025,1031,2058,401,1,2400.3,1746,West,,,
155,5/4/2025,1164,2081,401,0,2984.88,1592,East,,,
156,5/4/2025,1085,2031,402,1,508.77,1172,East,,,
157,5/4/2025,1017,2097,402,1,757.89,4249,West,,,
158,5/4/2025,1059,2042,402,0,0,2069,West,,,
159,5/4/2025,1070,2018,402,2,0,5171,West,,,
160,5/4/2025,1044,2014,401,1,886.68,2257,East,,,
161,5/4/2025,1003,2045,402,2,499.42,5286,East,,,
162,5/4/2025,1004,2022,403,0,671.18,4408,East,,,
163,5/4/2025,1032,2094,404,0,493.35,2300,East,,,
164,5/4/2025,1190,2008,404,3,266.36,814,East,,,
165,5/4/2025,1199,2046,401,3,167.15,26,East,,,
166,5/4/2025,1128,2028,401,2,2041.41,2015,West,,,
167,5/4/2025,1117,2082,401,0,799.8,5792,East,,,
168,5/4/2025,1122,2051,404,0,234.64,4942,West,,,
169,5/4/2025,1125,2091,404,0,1811.58,511,West,,,
170,5/4/2025,1020,2041,402,0,0,3419,West,,,
171,5/4/2025,1032,2035,403,3,4499.95,4175,West,,,
172,5/4/2025,1152,2067,403,3,872.85,236,West,,,
173,5/4/2025,1129,2077,404,0,2809.15,5227,West,,,
174,5/4/2025,1179,2014,402,3,738.9,3508,West,,,
175,5/4/2025,1115,2029,404,2,0,5445,West,,,
176,5/4/2025,1116,2051,404,0,351.96,4041,West,,,
177,5/4/2025,1080,2054,403,2,3602.04,2231,East,,,
178,5/4/2025,1095,2019,404,0,933.93,3140,West,,,
179,5/4/2025,1023,2010,401,3,0,2292,East,,,
180,5/4/2025,1024,2095,403,1,3533.69,665,East,,,
181,5/4/2025,1142,2007,403,0,583.39,5920,West,,,
182,5/4/2025,1105,2045,404,0,624.28,301,East,,,
183,5/4/2025,1073,2076,403,2,1934.57,2525,West,,,
184,5/4/2025,1026,2073,402,1,1797.95,5811,East,,,
185,5/4/2025,1168,2061,402,0,599.76,399,East,,,
186,5/4/2025,1089,2071,403,0,0,1847,West,,,
187,5/4/2025,1195,2035,402,3,0,80,West,,,
188,5/4/2025,1143,2098,401,2,2178.86,3829,East,,,
189,5/4/2025,1007,2023,403,2,751.63,4376,West,,,
190,5/4/2025,1086,2044,401,1,373.64,2563,East,,,
191,5/4/2025,1036,2072,404,0,1260.9,3647,West,,,
192,5/4/2025,1036,2094,401,0,2466.75,4995,West,,,
193,5/4/2025,1191,2067,402,3,872.85,352,East,,,
194,5/4/2025,1107,2058,403,1,1800.22,5948,West,,,
195,5/4/2025,1094,2039,403,0,1952.88,3123,East,,,
196,5/4/2025,1013,2019,402,0,0,5569,West,,,
197,5/4/2025,1172,2010,403,3,0,3417,East,,,
198,5/4/2025,1169,2054,404,3,900.51,5935,West,,,
199,5/4/2025,1106,2034,402,0,136.17,2693,West,,,
200,5/4/2025,1088,2055,401,2,129.46,3241,West,,,
201,5/4/2025,1173,2086,404,2,715.28,285,West,,,
202,5/4/2025,1011,2028,404,0,0,2783,East,,,
203,5/4/2025,1001,2026,403,1,190.4,5226,West,,,
204,5/4/2025,1196,2017,403,2,370.96,1107,East,,,
205,5/4/2025,1083,2015,401,3,0,4135,East,,,
206,5/4/2025,1191,2055,402,1,48.55,788,West,,,
207,5/4/2025,1097,2068,402,2,1312.38,4235,East,,,
208,5/4/2025,1018,2050,401,3,0,1911,West,,,
209,5/4/2025,1004,2058,401,2,1066.8,1970,West,,,
210,5/4/2025,1147,2054,404,3,2701.53,5583,West,,,
211,5/4/2025,1074,2014,404,0,738.9,10,East,,,
212,5/4/2025,1083,2021,404,2,668.33,1501,East,,,
213,5/4/2025,1022,2055,401,1,97.09,2363,West,,,
214,5/4/2025,1111,2075,404,0,1561.28,5683,East,,,
215,5/4/2025,1101,2039,403,1,2636.39,5795,East,,,
216,5/4/2025,1085,2099,402,0,646.32,1604,East,,,
217,5/4/2025,1130,2081,401,1,1343.2,1718,East,,,
218,5/4/2025,1198,2044,403,1,186.82,2849,East,,,
219,5/4/2025,1060,2013,402,2,0,4399,West,,,
220,5/4/2025,1050,2022,402,0,671.18,2844,West,,,
221,5/4/2025,1045,2098,404,3,907.86,1453,East,,,
222,5/4/2025,1193,2072,404,2,1681.2,801,East,,,
223,5/4/2025,1160,2040,402,3,138.16,5307,East,,,
224,5/4/2025,1017,2060,404,2,0,3716,West,,,
225,5/4/2025,1070,2075,401,2,624.51,5855,West,,,
226,5/4/2025,1129,2009,403,3,198.93,394,East,,,
227,5/4/2025,1115,2004,401,2,2225.4,1386,East,,,
228,5/4/2025,1073,2009,401,3,66.31,3545,East,,,
229,5/4/2025,1118,2074,401,3,659.5,3281,West,,,
230,5/4/2025,1146,2083,402,2,614.53,3758,East,,,
231,5/4/2025,1154,2060,402,0,408.38,1074,West,,,
232,5/4/2025,1115,2013,403,0,2806.08,2216,East,,,
233,5/4/2025,1129,2082,402,0,1066.4,3259,West,,,
234,5/4/2025,1063,2090,404,3,71.64,595,West,,,
235,5/4/2025,1134,2066,402,2,1238.54,3880,East,,,
236,5/4/2025,1095,2036,404,3,653.94,4360,West,,,
237,5/4/2025,1198,2043,401,2,1397.52,4395,East,,,
238,5/4/2025,1016,2042,401,3,0,4159,West,,,
239,5/4/2025,1072,2032,402,2,1512.96,2997,East,,,
240,5/4/2025,1020,2074,402,2,527.6,3469,East,,,
241,5/4/2025,1079,2083,404,1,691.34,5556,East,,,
242,5/4/2025,1152,2090,401,2,57.31,3076,West,,,
243,5/4/2025,1143,2048,403,1,0,2499,West,,,
244,5/4/2025,1171,2089,401,3,1654.08,4276,West,,,
245,5/4/2025,1130,2046,401,2,106.98,5207,West,,,
246,5/4/2025,1079,2023,402,2,3006.53,5359,East,,,
247,5/4/2025,1196,2062,402,1,1114.85,560,West,,,
248,5/4/2025,1035,2019,401,2,0,3053,East,,,
249,5/4/2025,1025,2064,401,2,705.7,712,West,,,
250,5/4/2025,1196,2079,402,3,2851.62,2937,East,,,
251,5/4/2025,1039,2020,402,1,338.25,3693,West,,,
252,5/4/2025,1184,2056,401,3,1574.16,4075,West,,,
253,5/4/2025,1093,2086,402,3,3576.4,5977,West,,,
254,5/4/2025,1156,2036,404,1,392.36,3921,East,,,
255,5/4/2025,1136,2030,403,3,509.91,5845,East,,,
256,5/4/2025,1049,2047,404,3,1674.9,4191,East,,,
257,5/4/2025,1196,2036,404,3,0,451,West,,,
258,5/4/2025,1041,2025,402,2,671.09,949,East,,,
259,5/4/2025,1013,2082,404,2,1066.4,828,East,,,
260,5/4/2025,1141,2013,401,2,748.29,2754,West,,,
261,5/4/2025,1021,2097,402,2,673.68,3508,West,,,
262,5/4/2025,1115,2065,402,3,1881.36,4027,West,,,
263,5/4/2025,1023,2028,404,2,510.35,4772,East,,,
264,5/4/2025,1006,2053,401,3,610.15,3795,East,,,
265,5/4/2025,1128,2047,402,3,1004.94,676,East,,,
266,5/4/2025,1020,2047,402,0,669.96,1211,West,,,
267,5/4/2025,1081,2012,403,1,1682.61,4255,West,,,
268,5/4/2025,1035,2004,403,3,927.25,2087,East,,,
269,5/4/2025,1178,2017,404,3,1854.8,5933,East,,,
270,5/4/2025,1157,2000,401,0,1938.62,1065,East,,,
271,5/4/2025,1065,2027,402,3,775.83,4193,West,,,
272,5/4/2025,1028,2099,403,1,3490.13,2441,East,,,
273,5/4/2025,1077,2015,401,1,1822.42,2815,West,,,
274,5/4/2025,1107,2081,404,0,2238.66,3723,East,,,
275,5/4/2025,1028,2063,401,1,994.43,3177,East,,,
276,5/4/2025,1183,2018,403,3,2711.3,2616,East,,,
277,5/4/2025,1000,2078,403,1,0,4885,West,,,
278,5/4/2025,1146,2053,402,0,1220.3,2694,East,,,
279,5/4/2025,1134,2046,401,0,33.43,3290,East,,,
280,5/4/2025,1099,2060,401,3,1633.52,5523,West,,,
281,5/4/2025,1095,2032,401,2,1512.96,4479,East,,,
282,5/4/2025,1017,2044,402,0,207.58,4693,West,,,
283,5/4/2025,1197,2074,403,1,593.55,631,West,,,
284,5/4/2025,1011,2045,403,1,842.78,86,East,,,
285,5/4/2025,1199,2087,404,3,159.32,558,East,,,
286,5/4/2025,1161,2023,402,0,939.54,5770,East,,,
287,5/4/2025,1183,2099,404,0,1292.64,4553,West,,,
288,5/4/2025,1075,2025,401,1,0,1266,West,,,
289,5/4/2025,1010,2040,403,3,138.16,3150,East,,,
290,5/4/2025,1139,2060,403,0,1225.14,1967,East,,,
291,5/4/2025,1192,2082,402,2,213.28,251,West,,,
292,5/4/2025,1091,2099,401,2,1034.11,3550,West,,,
293,5/4/2025,1069,2015,403,3,2699.88,5452,West,,,
294,5/4/2025,1102,2095,404,3,1472.37,5047,West,,,
295,5/4/2025,1086,2023,404,3,3758.16,2466,West,,,
296,5/4/2025,1094,2066,403,0,1032.12,2856,West,,,
297,5/4/2025,1186,2054,401,3,0,145,East,,,
298,5/4/2025,1154,2023,403,2,751.63,2121,East,,,
299,5/4/2025,1026,2010,403,2,62.27,3386,West,,,
300,5/4/2025,1078,2057,404,1,393.28,2689,East,,,
301,5/4/2025,1176,2056,403,3,524.72,2802,West,,,
302,5/4/2025,1010,2093,403,3,0,186,East,,,
303,5/4/2025,1070,2081,401,0,1492.44,3746,West,,,
304,5/4/2025,1171,2081,404,2,596.98,3165,East,,,
305,5/4/2025,1131,2095,402,0,1472.37,498,East,,,
306,5/4/2025,1036,2077,404,0,1123.66,3173,West,,,
307,5/4/2025,1032,2008,402,2,106.54,5867,West,,,
308,5/4/2025,1092,2049,401,1,0,5514,East,,,
309,5/4/2025,1173,2057,403,2,349.58,1860,West,,,
310,5/4/2025,1113,2097,401,1,757.89,2642,East,,,
311,5/4/2025,1135,2046,404,2,80.23,1082,West,,,
312,5/4/2025,1166,2035,402,0,899.99,5269,West,,,
313,5/4/2025,1006,2094,402,3,1480.05,1655,West,,,
314,5/4/2025,1132,2049,401,2,1503.74,2625,West,,,
315,5/4/2025,1198,2033,404,1,2257.88,533,East,,,
316,5/4/2025,1156,2036,404,1,784.73,4146,West,,,
317,5/4/2025,1031,2017,401,3,0,480,West,,,
318,5/4/2025,1044,2091,404,0,1811.58,5496,West,,,
319,5/4/2025,1174,2040,403,0,34.54,943,West,,,
320,5/4/2025,1140,2069,403,2,557.74,2257,West,,,
321,5/4/2025,1040,2091,402,2,724.63,2359,West,,,
322,5/4/2025,1130,2028,401,1,574.15,810,East,,,
323,5/4/2025,1035,2030,404,0,339.94,3443,West,,,
324,5/4/2025,1092,2070,403,3,102.54,4315,West,,,
325,5/4/2025,1141,2016,401,0,0,5274,East,,,
326,5/4/2025,1079,2050,404,3,186.78,925,West,,,
327,5/4/2025,1196,2052,401,1,2632.54,2102,West,,,
328,5/4/2025,1081,2082,401,3,1066.4,2905,West,,,
329,5/4/2025,1119,2087,403,1,0,3451,East,,,
330,5/4/2025,1199,2070,402,1,30.76,1623,East,,,
331,5/4/2025,1110,2064,401,0,0,438,East,,,
332,5/4/2025,1132,2019,403,1,1681.07,663,West,,,
333,5/4/2025,1041,2041,402,2,643.37,5476,West,,,
334,5/4/2025,1132,2036,401,2,348.77,1690,West,,,
335,5/4/2025,1050,2081,403,1,2686.39,1726,East,,,
336,5/4/2025,1160,2038,401,1,0,3639,West,,,
337,5/4/2025,1151,2074,402,1,1187.1,3604,West,,,
338,5/4/2025,1168,2079,403,0,1901.08,4470,East,,,
339,5/4/2025,1007,2010,401,2,62.27,4365,West,,,
340,5/4/2025,1166,2026,404,0,0,5277,East,,,
341,5/4/2025,1127,2080,403,2,1997.42,3706,East,,,
342,5/4/2025,1123,2031,404,2,1356.72,3299,East,,,
343,5/4/2025,1116,2009,401,1,119.36,234,West,,,
344,5/4/2025,1112,2053,404,3,0,3043,East,,,
345,5/4/2025,1052,2043,402,2,698.76,3062,East,,,
346,5/4/2025,1183,2040,403,3,103.62,813,West,,,
347,5/4/2025,1033,2097,403,0,4210.5,191,East,,,
348,5/4/2025,1081,2030,404,0,339.94,3245,East,,,
349,5/4/2025,1068,2057,402,1,1179.85,4510,East,,,
350,5/4/2025,1024,2006,403,3,594,555,West,,,
351,5/4/2025,1157,2053,402,1,1098.27,1604,East,,,
352,5/4/2025,1083,2073,403,1,2247.44,5131,West,,,
353,5/4/2025,1195,2020,404,3,1879.15,5928,East,,,
354,5/4/2025,1127,2039,404,0,1952.88,2245,West,,,
355,5/4/2025,1023,2050,404,1,0,5474,East,,,
356,5/4/2025,1055,2074,403,0,1978.5,1002,West,,,
357,5/4/2025,1012,2036,404,3,653.94,4469,West,,,
358,5/4/2025,1073,2068,401,0,2460.72,1697,East,,,
359,5/4/2025,1110,2017,403,2,370.96,781,East,,,
360,5/4/2025,1195,2051,403,0,117.32,3841,East,,,
361,5/4/2025,1102,2006,402,2,792,37,West,,,
362,5/4/2025,1141,2036,401,3,871.92,5610,West,,,
363,5/4/2025,1129,2057,403,0,1747.92,833,West,,,
364,5/4/2025,1032,2012,404,2,997.1,3615,West,,,
365,5/4/2025,1086,2071,403,1,553.64,1092,West,,,
366,5/4/2025,1050,2077,404,0,561.83,2598,East,,,
367,5/4/2025,1011,2004,402,2,0,3771,West,,,
368,5/4/2025,1121,2066,404,1,0,24,West,,,
369,5/4/2025,1155,2065,402,2,1128.82,3963,West,,,
370,5/4/2025,1156,2040,402,3,138.16,3023,West,,,
371,5/4/2025,1157,2094,403,2,1578.72,4476,East,,,
372,5/4/2025,1129,2065,404,2,752.54,3767,East,,,
373,5/4/2025,1121,2002,403,2,2771.2,5204,West,,,
374,5/4/2025,1172,2014,404,2,197.04,4679,East,,,
375,5/4/2025,1185,2088,401,3,2128.05,1867,West,,,
376,5/4/2025,1067,2083,402,0,0,1482,East,,,
377,5/4/2025,1149,2061,402,3,1199.52,781,East,,,
378,5/4/2025,1037,2087,402,0,318.64,1765,West,,,
379,5/4/2025,1146,2089,401,1,744.34,3491,East,,,
380,5/4/2025,1004,2056,403,3,2098.88,850,West,,,
381,5/4/2025,1038,2052,402,3,2193.78,575,East,,,
382,5/4/2025,1128,2099,404,0,3877.92,4729,West,,,
383,5/4/2025,1180,2017,402,2,741.92,3910,West,,,
384,5/4/2025,1169,2061,404,2,319.87,2508,West,,,
385,5/4/2025,1044,2058,403,2,1066.8,5194,East,,,
386,5/4/2025,1173,2098,403,3,3631.44,735,East,,,
387,5/4/2025,1049,2031,403,2,1356.72,5348,West,,,
388,5/4/2025,1057,2038,403,1,2501.58,4758,East,,,
389,5/4/2025,1176,2090,404,2,343.87,4431,East,,,
390,5/4/2025,1122,2044,403,2,166.06,4116,East,,,
391,5/4/2025,1031,2073,404,3,1498.29,4345,East,,,
392,5/4/2025,1088,2098,402,2,726.29,1383,West,,,
393,5/4/2025,1010,2036,401,2,348.77,1607,West,,,
394,5/4/2025,1113,2083,403,3,3072.64,2614,East,,,
395,5/4/2025,1054,2025,403,2,671.09,2722,East,,,
396,5/4/2025,1035,2013,402,1,1683.65,5427,West,,,
397,5/4/2025,1012,2085,402,1,217.94,5412,West,,,
398,5/4/2025,1013,2012,404,2,1994.21,1536,East,,,
399,5/4/2025,1183,2060,401,1,367.54,4377,West,,,
400,5/4/2025,1001,2070,402,3,102.54,5719,West,,,
401,5/4/2025,1167,2060,404,1,735.08,164,East,,,
402,5/4/2025,1193,2036,403,2,348.77,975,East,,,
403,5/4/2025,1165,2007,401,1,0,1819,West,,,
404,5/4/2025,1136,2094,401,1,1776.06,2957,West,,,
405,5/4/2025,1106,2022,401,3,671.18,4076,East,,,
406,5/4/2025,1126,2023,403,0,0,2944,West,,,
407,5/4/2025,1002,2038,401,2,1482.42,2592,East,,,
408,5/4/2025,1072,2058,404,1,1200.15,4730,West,,,
409,5/4/2025,1129,2059,403,1,1382.54,5091,West,,,
410,5/4/2025,1028,2042,402,3,502.83,5652,West,,,
411,5/4/2025,1165,2032,402,0,0,5119,West,,,
412,5/4/2025,1188,2043,403,1,1572.21,1249,East,,,
413,5/4/2025,1044,2078,404,3,426.03,2410,West,,,
414,5/4/2025,1131,2041,401,3,3216.84,4020,East,,,
415,5/4/2025,1171,2012,402,1,1121.74,2702,East,,,
416,5/4/2025,1122,2041,402,0,1608.42,3066,East,,,
417,5/4/2025,1066,2049,402,3,0,1323,West,,,
418,5/4/2025,1192,2034,403,2,326.81,5383,West,,,
419,5/4/2025,1149,2092,401,2,1157.3,1226,West,,,
420,5/4/2025,1167,2046,402,0,133.72,5355,West,,,
421,5/4/2025,1170,2015,404,2,0,1882,West,,,
422,5/4/2025,1040,2051,403,0,469.28,3325,West,,,
423,5/4/2025,1163,2037,403,1,0,681,West,,,
424,5/4/2025,1056,2017,404,1,834.66,3809,East,,,
425,5/4/2025,1116,2095,403,3,490.79,862,East,,,
426,5/4/2025,1179,2070,404,1,61.52,62,East,,,
427,5/4/2025,1195,2031,401,3,1695.9,4615,West,,,
428,5/4/2025,1135,2090,403,0,0,5416,West,,,
429,5/4/2025,1144,2014,401,1,443.34,5949,East,,,
430,5/4/2025,1146,2068,402,1,2952.86,4365,East,,,
431,5/4/2025,1083,2066,404,0,516.06,696,East,,,
432,5/4/2025,1174,2026,404,0,423.12,1239,East,,,
433,5/4/2025,1130,2057,401,3,1747.92,3011,East,,,
434,5/4/2025,1033,2065,404,3,0,4996,East,,,
435,5/4/2025,1144,2007,404,2,933.42,1539,East,,,
436,5/4/2025,1185,2002,404,2,692.8,1566,West,,,
437,5/4/2025,1000,2095,402,0,0,482,East,,,
438,5/4/2025,1011,2054,403,0,900.51,3526,West,,,
439,5/4/2025,1138,2007,401,3,2333.56,1037,East,,,
440,5/4/2025,1008,2036,404,1,196.18,1299,East,,,
441,5/4/2025,1196,2017,404,2,741.92,1984,East,,,
442,5/4/2025,1097,2057,404,3,436.98,2763,West,,,
443,5/4/2025,1020,2087,402,2,637.28,2917,West,,,
444,5/4/2025,1030,2022,404,1,604.06,941,West,,,
445,5/4/2025,1186,2028,401,0,2551.76,3174,West,,,
446,5/4/2025,1076,2059,404,3,1536.15,1152,West,,,
447,5/4/2025,1058,2031,404,2,0,5709,East,,,
448,5/4/2025,1039,2035,402,0,899.99,2015,East,,,
449,5/4/2025,1008,2084,404,0,845.55,1582,East,,,
450,5/4/2025,1061,2026,401,0,423.12,2772,East,,,
451,5/4/2025,1152,2004,404,0,2781.75,1869,East,,,
452,5/4/2025,1062,2094,401,3,1973.4,5271,West,,,
453,5/4/2025,1112,2029,402,0,13.51,4785,West,,,
454,5/4/2025,1035,2064,403,1,0,2934,East,,,
455,5/4/2025,1187,2073,403,2,399.54,2731,West,,,
456,5/4/2025,1060,2038,402,1,3335.44,5347,West,,,
457,5/4/2025,1105,2038,403,0,1853.02,5209,East,,,
458,5/4/2025,1142,2075,402,3,3903.2,3898,East,,,
459,5/4/2025,1142,2063,401,2,1325.9,4684,West,,,
460,5/4/2025,1164,2085,404,2,387.44,2384,West,,,
461,5/4/2025,1178,2053,404,1,1647.4,5149,West,,,
462,5/4/2025,1076,2048,402,3,1072.89,2874,East,,,
463,5/4/2025,1061,2028,403,1,1148.29,3327,East,,,
464,5/4/2025,1118,2007,404,3,1750.17,2397,East,,,
465,5/4/2025,1142,2067,402,3,1163.8,4462,West,,,
466,5/4/2025,1062,2032,402,2,756.48,2233,East,,,
467,5/4/2025,1165,2010,404,2,124.54,3171,East,,,
468,5/4/2025,1023,2068,402,0,2460.72,2668,East,,,
469,5/4/2025,1068,2048,401,0,715.26,3932,West,,,
470,5/4/2025,1048,2097,402,3,0,2811,East,,,
471,5/4/2025,1053,2042,403,0,167.61,5749,West,,,
472,5/4/2025,1054,2024,401,3,372.81,684,East,,,
473,5/4/2025,1062,2089,402,3,1240.56,3749,East,,,
474,5/4/2025,1061,2070,403,2,27.34,5325,East,,,
475,5/4/2025,1097,2059,403,2,0,5415,West,,,
476,5/4/2025,1066,2046,404,3,200.58,2326,East,,,
477,5/4/2025,1025,2092,404,2,771.54,2081,West,,,
478,5/4/2025,1052,2047,403,3,334.98,1942,West,,,
479,5/4/2025,1011,2072,402,1,756.54,3186,West,,,
480,5/4/2025,1004,2033,404,2,0,1584,East,,,
481,5/4/2025,1039,2025,403,1,503.32,2126,West,,,
482,5/4/2025,1097,2072,402,3,420.3,1610,East,,,
483,5/4/2025,1140,2083,403,2,1843.58,5559,East,,,
484,5/4/2025,1195,2062,404,3,3096.8,2568,West,,,
485,5/4/2025,1043,2093,403,1,1360.69,4725,West,,,
486,5/4/2025,1035,2092,404,1,0,2614,West,,,
487,5/4/2025,1138,2082,401,0,533.2,777,East,,,
488,5/4/2025,1019,2085,401,0,484.3,5770,East,,,
489,5/4/2025,1105,2017,402,0,1391.1,4153,West,,,
490,5/4/2025,1181,2019,401,1,4202.68,4127,West,,,
491,5/4/2025,1129,2058,403,0,1333.5,3139,East,,,
492,5/4/2025,1158,2081,404,3,2984.88,609,East,,,
493,5/4/2025,1004,2000,404,0,2907.93,1072,East,,,
494,5/4/2025,1004,2067,403,2,465.52,4489,West,,,
495,5/4/2025,1004,2064,404,1,1323.18,1277,West,,,
496,5/4/2025,1027,2012,402,1,1121.74,3503,West,,,
497,5/4/2025,1049,2079,403,2,3802.16,2964,East,,,
498,5/4/2025,1068,2050,401,2,0,4261,East,,,
499,5/4/2025,1103,2058,402,1,600.08,190,East,,,
500,5/4/2025,1076,2087,401,0,159.32,1767,East,,,
501,5/4/2025,1023,2051,404,3,351.96,431,East,,,
502,5/4/2025,1141,2060,401,0,408.38,3710,West,,,
503,5/4/2025,1179,2021,401,3,835.41,4220,East,,,
504,5/4/2025,1111,2082,403,0,0,4825,West,,,
505,5/4/2025,1135,2005,402,1,1157.71,2917,West,,,
506,5/4/2025,1177,2072,404,2,1008.72,1094,West,,,
507,5/4/2025,1011,2009,403,0,0,3539,East,,,
508,5/4/2025,1045,2040,401,1,31.09,2664,East,,,
509,5/4/2025,1150,2018,404,0,1084.52,905,East,,,
510,5/4/2025,1076,2020,402,3,2254.98,148,East,,,
511,5/4/2025,1173,2069,403,3,232.39,3607,West,,,
512,5/4/2025,1193,2094,402,0,1480.05,5745,East,,,
513,5/4/2025,1128,2095,403,0,0,2538,West,,,
514,5/4/2025,1025,2055,402,0,107.88,1376,West,,,
515,5/4/2025,1087,2077,404,2,449.46,4381,East,,,
516,5/4/2025,1007,2081,403,3,746.22,2201,West,,,
517,5/4/2025,1125,2029,403,3,40.53,2469,East,,,
518,5/4/2025,1110,2023,404,0,1879.08,2385,East,,,
519,5/4/2025,1197,2079,403,1,855.49,5563,East,,,
520,5/4/2025,1182,2009,401,2,53.05,3703,West,,,
521,5/4/2025,1039,2048,402,3,357.63,265,West,,,
522,5/4/2025,1081,2046,401,0,33.43,5896,West,,,
523,5/4/2025,1001,2039,404,2,2343.46,1267,West,,,
524,5/4/2025,1194,2034,401,1,245.11,4790,East,,,
525,5/4/2025,1022,2023,404,3,5637.24,4718,West,,,
526,5/4/2025,1142,2071,404,0,615.16,408,West,,,
527,5/4/2025,1006,2011,403,0,1229.22,3196,West,,,
528,5/4/2025,1152,2076,403,3,2418.21,3334,West,,,
529,5/4/2025,1003,2037,404,3,1440.56,512,West,,,
530,5/4/2025,1199,2010,402,1,210.17,5403,West,,,
531,5/4/2025,1175,2048,402,1,965.6,3324,East,,,
532,5/4/2025,1068,2038,403,3,0,3071,East,,,
533,5/4/2025,1037,2008,402,3,266.36,2317,West,,,
534,5/4/2025,1070,2053,403,3,1830.45,4708,East,,,
535,5/4/2025,1005,2009,403,2,53.05,3122,West,,,
536,5/4/2025,1063,2092,404,1,867.98,3029,West,,,
537,5/4/2025,1117,2013,402,2,2244.86,4127,East,,,
538,5/4/2025,1001,2050,403,3,0,5880,East,,,
539,5/4/2025,1084,2056,403,3,1574.16,3502,East,,,
540,5/4/2025,1166,2076,402,2,0,5251,East,,,
541,5/4/2025,1082,2077,402,3,0,508,East,,,
542,5/4/2025,1080,2022,404,2,1073.89,5587,West,,,
543,5/4/2025,1074,2094,404,1,444.02,3603,East,,,
544,5/4/2025,1083,2048,403,3,0,5016,East,,,
545,5/4/2025,1093,2014,402,1,221.67,3539,West,,,
546,5/4/2025,1174,2098,401,3,2723.58,4673,West,,,
547,5/4/2025,1181,2026,404,2,507.74,4010,West,,,
548,5/4/2025,1177,2008,404,3,332.95,3237,West,,,
549,5/4/2025,1035,2081,403,1,1343.2,1913,West,,,
550,5/4/2025,1064,2084,402,3,845.55,4367,West,,,
551,5/4/2025,1096,2009,404,3,198.93,357,East,,,
552,5/4/2025,1149,2051,404,0,0,1561,West,,,
553,5/4/2025,1092,2089,401,0,827.04,4336,West,,,
554,5/4/2025,1196,2031,403,1,1526.31,5713,West,,,
555,5/4/2025,1165,2078,401,3,142.01,4128,West,,,
556,5/4/2025,1192,2042,404,0,1005.66,1993,West,,,
557,5/4/2025,1002,2012,403,1,560.87,1262,West,,,
558,5/4/2025,1130,2095,402,3,1963.16,5261,East,,,
559,5/4/2025,1095,2050,404,1,168.1,2500,West,,,
560,5/4/2025,1088,2003,404,0,385.18,1112,East,,,
561,5/4/2025,1075,2053,401,0,1830.45,5933,East,,,
562,5/4/2025,1186,2018,403,2,1301.42,5269,West,,,
563,5/4/2025,1087,2058,402,3,2667,3664,West,,,
564,5/4/2025,1089,2060,401,3,408.38,3068,East,,,
565,5/4/2025,1184,2089,404,2,1984.9,1607,East,,,
566,5/4/2025,1017,2038,401,0,0,3794,West,,,
567,5/4/2025,1005,2043,401,1,786.1,4248,West,,,
568,5/4/2025,1189,2031,402,1,2035.08,1665,East,,,
569,5/4/2025,1084,2071,404,3,0,2217,West,,,
570,5/4/2025,1059,2051,402,1,527.94,778,West,,,
571,5/4/2025,1163,2084,404,3,845.55,5883,East,,,
572,5/4/2025,1007,2094,402,3,493.35,1496,East,,,
573,5/4/2025,1151,2054,404,0,0,229,West,,,
574,5/4/2025,1180,2027,402,2,0,4113,East,,,
575,5/4/2025,1192,2090,401,0,286.56,1062,West,,,
576,5/4/2025,1137,2023,403,2,1503.26,2644,West,,,
577,5/4/2025,1050,2058,401,2,1066.8,1658,West,,,
578,5/4/2025,1171,2062,403,3,619.36,4794,East,,,
579,5/4/2025,1156,2050,401,2,0,4280,West,,,
580,5/4/2025,1090,2058,402,2,1066.8,4490,East,,,
581,5/4/2025,1157,2075,401,1,702.58,3085,West,,,
582,5/4/2025,1080,2015,402,2,1619.93,3531,West,,,
583,5/4/2025,1029,2023,403,1,0,2693,West,,,
584,5/4/2025,1130,2049,404,1,845.86,1057,East,,,
585,5/4/2025,1147,2049,404,1,845.86,1484,East,,,
586,5/4/2025,1124,2081,402,1,2686.39,1569,East,,,
587,5/4/2025,1125,2036,402,1,588.55,1249,West,,,
588,5/4/2025,1080,2057,401,2,699.17,2682,East,,,
589,5/4/2025,1002,2062,402,1,1114.85,4653,West,,,
590,5/4/2025,1098,2071,404,3,1845.48,4342,West,,,
591,5/4/2025,1175,2062,404,3,1858.08,3759,West,,,
592,5/4/2025,1125,2021,401,0,1670.82,1091,East,,,
593,5/4/2025,1194,2028,403,0,637.94,2289,West,,,
594,5/4/2025,1070,2028,403,1,0,1594,West,,,
595,5/4/2025,1199,2058,404,0,2667,2332,East,,,
596,5/4/2025,1146,2014,403,2,0,2852,West,,,
597,5/4/2025,1138,2096,401,3,2688.72,2374,West,,,
598,5/4/2025,1139,2027,404,0,258.61,1732,East,,,
599,5/4/2025,1188,2083,402,2,1229.06,2815,East,,,
600,5/4/2025,1008,2057,403,2,699.17,698,West,,,
601,5/4/2025,1022,2056,401,1,2361.24,740,East,,,
602,5/4/2025,1053,2094,403,3,493.35,3289,West,,,
603,5/4/2025,1042,2078,402,1,127.81,5923,West,,,
604,5/4/2025,1052,2007,403,2,2333.56,3890,West,,,
605,5/4/2025,1152,2068,402,2,656.19,1359,East,,,
606,5/4/2025,1180,2037,403,2,288.11,4293,East,,,
607,5/4/2025,1131,2086,401,1,2414.07,2662,West,,,
608,5/4/2025,1192,2052,401,2,0,1732,West,,,
609,5/4/2025,1167,2016,402,1,290.72,3265,East,,,
610,5/4/2025,1037,2091,403,1,0,855,East,,,
611,5/4/2025,1194,2086,404,3,0,5598,West,,,
612,5/4/2025,1036,2073,403,3,1997.72,3833,West,,,
613,5/4/2025,1096,2057,401,0,1310.94,694,East,,,
614,5/4/2025,1103,2065,403,2,376.27,2275,West,,,
615,5/4/2025,1116,2062,403,0,1238.72,747,East,,,
616,5/4/2025,1198,2093,401,3,0,5823,East,,,
617,5/4/2025,1162,2085,403,0,0,1045,East,,,
618,5/4/2025,1136,2050,402,3,933.9,2415,West,,,
619,5/4/2025,1054,2063,403,2,441.97,4885,East,,,
620,5/4/2025,1072,2043,402,3,4367.25,4530,West,,,
621,5/4/2025,1087,2087,401,0,637.28,739,West,,,
622,5/4/2025,1025,2080,404,0,3329.04,3698,East,,,
623,5/4/2025,1031,2020,404,3,1127.49,3489,West,,,
624,5/4/2025,1000,2054,402,1,1620.92,5214,East,,,
625,5/4/2025,1166,2038,402,2,2223.62,5226,East,,,
626,5/4/2025,1023,2083,403,2,1229.06,1216,West,,,
627,5/4/2025,1021,2047,402,0,1674.9,56,East,,,
628,5/4/2025,1101,2080,403,1,3745.17,1257,East,,,
629,5/4/2025,1109,2083,401,0,768.16,302,East,,,
630,5/4/2025,1000,2027,404,0,517.22,3792,East,,,
631,5/4/2025,1033,2075,402,3,780.64,3672,West,,,
632,5/4/2025,1002,2001,403,0,824.7,4298,West,,,
633,5/4/2025,1108,2088,402,3,3546.75,4329,East,,,
634,5/4/2025,1018,2029,404,0,27.02,4971,West,,,
635,5/4/2025,1187,2013,401,2,2993.15,5129,West,,,
636,5/4/2025,1094,2038,402,3,926.51,545,East,,,
637,5/4/2025,1198,2096,402,1,1814.89,2634,East,,,
638,5/4/2025,1017,2067,401,1,523.71,2601,West,,,
639,5/4/2025,1112,2044,402,1,560.47,3874,West,,,
640,5/4/2025,1105,2078,404,1,383.43,3118,West,,,
641,5/4/2025,1022,2012,402,0,623.19,3545,West,,,
642,5/4/2025,1150,2093,404,2,1814.26,4180,West,,,
643,5/4/2025,1109,2040,402,1,31.09,5398,West,,,
644,5/4/2025,1070,2082,401,1,719.82,2251,West,,,
645,5/4/2025,1141,2076,403,0,3224.28,2125,West,,,
646,5/4/2025,1168,2038,402,1,1667.72,5641,West,,,
647,5/4/2025,1191,2050,403,0,560.34,1535,East,,,
648,5/4/2025,1005,2030,404,3,679.88,4693,West,,,
649,5/4/2025,1028,2030,404,0,509.91,2687,East,,,
650,5/4/2025,1135,2001,403,2,989.64,5933,West,,,
651,5/4/2025,1033,2049,404,2,751.87,5698,West,,,
652,5/4/2025,1139,2087,402,3,0,4098,East,,,
653,5/4/2025,1197,2009,401,0,265.24,4773,East,,,
654,5/4/2025,1003,2033,402,0,836.25,1602,East,,,
655,5/4/2025,1015,2050,403,3,560.34,1978,West,,,
656,5/4/2025,1108,2089,404,0,413.52,5915,West,,,
657,5/4/2025,1163,2068,402,2,3280.96,3717,East,,,
658,5/4/2025,1021,2039,401,1,878.8,3651,East,,,
659,5/4/2025,1039,2068,403,3,2460.72,1065,West,,,
660,5/4/2025,1150,2081,401,2,1193.95,553,East,,,
661,5/4/2025,1178,2055,402,0,53.94,1009,East,,,
662,5/4/2025,1062,2011,404,0,0,2427,East,,,
663,5/4/2025,1116,2078,401,2,0,859,West,,,
664,5/4/2025,1170,2094,402,0,986.7,2828,East,,,
665,5/4/2025,1003,2090,402,0,143.28,1830,West,,,
666,5/4/2025,1041,2063,403,2,1325.9,170,East,,,
667,5/4/2025,1042,2047,402,2,803.95,4903,West,,,
668,5/4/2025,1187,2015,401,2,0,858,West,,,
669,5/4/2025,1109,2034,401,2,326.81,1320,East,,,
670,5/4/2025,1182,2073,401,3,499.43,4051,East,,,
671,5/4/2025,1116,2065,403,0,470.34,4082,West,,,
672,5/4/2025,1127,2072,402,2,1008.72,2100,East,,,
673,5/4/2025,1040,2032,401,0,0,4339,West,,,
674,5/4/2025,1058,2094,401,0,493.35,88,East,,,
675,5/4/2025,1003,2031,401,3,1695.9,257,East,,,
676,5/4/2025,1093,2049,402,1,1691.71,1008,West,,,
677,5/4/2025,1009,2070,404,1,30.76,3057,East,,,
678,5/4/2025,1082,2031,404,2,452.24,5279,West,,,
679,5/4/2025,1069,2009,403,0,0,2857,West,,,
680,5/4/2025,1128,2086,401,1,804.69,4980,East,,,
681,5/4/2025,1057,2066,401,3,1548.18,5396,West,,,
682,5/4/2025,1017,2059,403,2,409.64,2948,West,,,
683,5/4/2025,1083,2011,404,0,1638.96,3052,East,,,
684,5/4/2025,1094,2025,403,2,223.7,60,West,,,
685,5/4/2025,1189,2079,402,3,3802.16,4454,East,,,
686,5/4/2025,1094,2075,404,1,702.58,4372,East,,,
687,5/4/2025,1187,2069,402,1,627.45,5788,West,,,
688,5/4/2025,1001,2052,401,1,0,965,West,,,
689,5/4/2025,1138,2044,401,2,166.06,5200,East,,,
690,5/4/2025,1000,2097,404,2,1347.36,1077,West,,,
691,5/4/2025,1026,2026,402,3,211.56,5465,East,,,
692,5/4/2025,1125,2007,402,2,933.42,2652,East,,,
693,5/4/2025,1023,2005,402,3,1286.34,3996,East,,,
694,5/4/2025,1179,2047,404,0,669.96,3218,East,,,
695,5/4/2025,1148,2012,402,3,3115.95,3301,East,,,
696,5/4/2025,1019,2075,401,3,2341.92,125,West,,,
697,5/4/2025,1169,2016,402,2,775.25,3375,East,,,
698,5/4/2025,1066,2040,404,2,55.26,3663,West,,,
699,5/4/2025,1081,2057,403,1,393.28,3904,East,,,
700,5/4/2025,1019,2025,402,0,559.24,2730,East,,,
701,5/4/2025,1039,2013,402,3,4676.8,2398,East,,,
702,5/4/2025,1119,2040,404,0,69.08,289,West,,,
703,5/4/2025,1137,2045,402,3,0,2186,East,,,
704,5/4/2025,1078,2059,403,0,1536.15,1823,East,,,
705,5/4/2025,1023,2020,403,0,0,1974,East,,,
706,5/4/2025,1055,2041,402,0,4021.05,3214,West,,,
707,5/4/2025,1182,2031,403,3,1695.9,480,West,,,
708,5/4/2025,1131,2006,403,2,475.2,2442,West,,,
709,5/4/2025,1044,2003,404,3,1155.54,2409,West,,,
710,5/4/2025,1142,2095,402,0,2453.95,4865,East,,,
711,5/4/2025,1118,2013,402,0,1870.72,3126,West,,,
712,5/4/2025,1003,2007,402,1,1050.1,1056,East,,,
713,5/4/2025,1050,2051,403,0,117.32,3036,West,,,
714,5/4/2025,1149,2075,403,0,780.64,1719,East,,,
715,5/4/2025,1005,2008,402,3,466.13,4823,West,,,
716,5/4/2025,1032,2011,403,0,409.74,5319,West,,,
717,5/4/2025,1010,2059,401,1,921.69,3136,West,,,
718,5/4/2025,1146,2055,404,3,0,1626,West,,,
719,5/4/2025,1007,2048,404,1,1287.47,5180,West,,,
720,5/4/2025,1090,2027,402,2,413.78,2457,East,,,
721,5/4/2025,1071,2057,402,0,1310.94,2148,West,,,
722,5/4/2025,1157,2079,402,2,2281.3,5298,East,,,
723,5/4/2025,1127,2052,404,0,2193.78,4469,East,,,
724,5/4/2025,1022,2035,404,1,1619.98,1709,West,,,
725,5/4/2025,1107,2025,402,0,279.62,3336,East,,,
726,5/4/2025,1097,2091,403,3,2717.37,5532,West,,,
727,5/4/2025,1139,2062,403,2,1486.46,885,East,,,
728,5/4/2025,1099,2034,402,0,408.51,2223,West,,,
729,5/4/2025,1081,2076,402,0,2418.21,1722,East,,,
730,5/4/2025,1199,2035,401,3,2699.97,3422,East,,,
731,5/4/2025,1135,2045,402,1,842.78,4317,West,,,
732,5/4/2025,1025,2031,402,2,904.48,1730,West,,,
733,5/4/2025,1136,2094,401,1,0,5561,West,,,
734,5/4/2025,1147,2049,403,1,3383.42,5562,West,,,
735,5/4/2025,1045,2030,403,2,407.93,2516,East,,,
736,5/4/2025,1151,2003,403,1,693.32,3534,West,,,
737,5/4/2025,1144,2024,404,2,298.25,4248,West,,,
738,5/4/2025,1044,2062,401,0,1238.72,3581,West,,,
739,5/4/2025,1014,2029,402,0,13.51,1319,West,,,
740,5/4/2025,1134,2061,401,2,639.74,3864,East,,,
741,5/4/2025,1157,2025,402,2,671.09,4610,East,,,
742,5/4/2025,1183,2022,403,0,2684.72,931,East,,,
743,5/4/2025,1005,2018,402,0,542.26,4114,East,,,
744,5/4/2025,1134,2046,401,2,53.49,2977,West,,,
745,5/4/2025,1180,2084,404,0,281.85,1196,East,,,
746,5/4/2025,1086,2038,403,1,1667.72,3226,East,,,
747,5/4/2025,1040,2093,404,3,755.94,2023,West,,,
748,5/4/2025,1166,2040,402,2,27.63,161,East,,,
749,5/4/2025,1057,2085,402,3,1452.9,3089,West,,,
750,5/4/2025,1078,2093,403,1,0,3340,East,,,
751,5/4/2025,1045,2093,401,3,2267.82,553,West,,,
752,5/4/2025,1197,2072,401,1,1513.08,3665,East,,,
753,5/4/2025,1154,2040,402,0,69.08,1602,West,,,
754,5/4/2025,1127,2018,403,0,0,4025,East,,,
755,5/4/2025,1060,2044,403,1,934.11,5948,West,,,
756,5/4/2025,1162,2011,403,3,1229.22,5743,West,,,
757,5/4/2025,1002,2033,402,1,3010.5,3435,West,,,
758,5/4/2025,1177,2008,403,2,159.82,5957,East,,,
759,5/4/2025,1027,2092,401,0,482.21,5521,West,,,
760,5/4/2025,1098,2056,404,1,944.5,2214,West,,,
761,5/4/2025,1105,2063,404,2,2209.84,949,West,,,
762,5/4/2025,1139,2048,401,3,357.63,3359,East,,,
763,5/4/2025,1147,2083,402,1,691.34,5006,West,,,
764,5/4/2025,1115,2009,401,2,53.05,123,East,,,
765,5/4/2025,1005,2040,403,0,103.62,4131,West,,,
766,5/4/2025,1018,2043,402,3,2620.35,2273,West,,,
767,5/4/2025,1041,2093,401,0,755.94,2382,West,,,
768,5/4/2025,1086,2076,404,0,0,3840,West,,,
769,5/4/2025,1110,2083,402,3,768.16,144,West,,,
770,5/4/2025,1040,2006,401,2,0,1419,West,,,
771,5/4/2025,1052,2024,404,2,298.25,3690,East,,,
772,5/4/2025,1169,2036,403,1,392.36,5393,East,,,
773,5/4/2025,1024,2006,404,3,0,800,West,,,
774,5/4/2025,1039,2006,403,0,198,5597,East,,,
775,5/4/2025,1109,2011,403,3,1638.96,1223,East,,,
776,5/4/2025,1051,2012,401,1,1121.74,3689,West,,,
777,5/4/2025,1043,2081,403,0,746.22,4504,West,,,
778,5/4/2025,1121,2014,403,3,985.2,4714,West,,,
779,5/4/2025,1120,2062,403,0,2477.44,885,West,,,
780,5/4/2025,1164,2069,404,1,0,3049,West,,,
781,5/4/2025,1094,2048,403,1,321.87,4431,West,,,
782,5/4/2025,1114,2005,403,3,428.78,4906,East,,,
783,5/4/2025,1119,2033,402,2,1338,3796,East,,,
784,5/4/2025,1144,2007,402,0,1166.78,2102,East,,,
785,5/4/2025,1021,2085,403,3,0,2224,West,,,
786,5/4/2025,1193,2075,402,0,1561.28,1458,West,,,
787,5/4/2025,1099,2066,404,3,0,1319,East,,,
788,5/4/2025,1146,2030,404,2,543.9,3324,East,,,
789,5/4/2025,1020,2050,401,1,168.1,2999,West,,,
790,5/4/2025,1030,2096,404,1,3024.81,5943,East,,,
791,5/4/2025,1042,2027,402,1,232.75,559,West,,,
792,5/4/2025,1010,2054,401,3,900.51,4326,East,,,
793,5/4/2025,1051,2080,402,2,0,5570,West,,,
794,5/4/2025,1081,2093,401,0,755.94,5771,West,,,
795,5/4/2025,1099,2071,404,2,984.26,5223,East,,,
796,5/4/2025,1070,2066,404,0,0,4985,West,,,
797,5/4/2025,1179,2079,404,0,2851.62,2678,East,,,
798,5/4/2025,1106,2019,402,0,3735.72,1693,East,,,
799,5/4/2025,1027,2072,401,2,672.48,4712,West,,,
800,5/4/2025,1137,2044,404,2,830.32,2673,West,,,
801,5/4/2025,1098,2083,404,3,2304.48,1406,West,,,
802,5/4/2025,1009,2022,403,3,2684.72,1487,West,,,
803,5/4/2025,1036,2079,404,0,950.54,1772,West,,,
804,5/4/2025,1101,2042,402,0,335.22,5467,East,,,
805,5/4/2025,1190,2060,403,2,0,168,West,,,
806,5/4/2025,1005,2043,403,2,2096.28,414,East,,,
807,5/4/2025,1071,2062,401,1,557.42,742,East,,,
808,5/4/2025,1034,2038,404,2,2223.62,2592,West,,,
809,5/4/2025,1068,2093,404,0,2267.82,1119,East,,,
810,5/4/2025,1048,2056,402,3,524.72,3713,West,,,
811,5/4/2025,1189,2062,403,0,1858.08,5925,West,,,
812,5/4/2025,1131,2020,401,2,0,322,West,,,
813,5/4/2025,1181,2064,404,1,264.64,3936,West,,,
814,5/4/2025,1199,2067,401,1,0,1341,East,,,
815,5/4/2025,1049,2025,401,1,503.32,2717,East,,,
816,5/4/2025,1008,2058,401,2,533.4,2000,East,,,
817,5/4/2025,1180,2025,403,2,894.78,2953,West,,,
818,5/4/2025,1118,2064,404,0,882.12,5045,East,,,
819,5/4/2025,1174,2003,402,2,308.14,2121,East,,,
820,5/4/2025,1125,2076,404,1,725.46,2184,East,,,
821,5/4/2025,1121,2075,403,2,2498.05,2579,East,,,
822,5/4/2025,1041,2033,401,2,669,3549,West,,,
823,5/4/2025,1007,2049,401,1,845.86,2238,West,,,
824,5/4/2025,1146,2099,402,1,581.69,4033,East,,,
825,5/4/2025,1165,2028,402,2,1531.06,2268,East,,,
826,5/4/2025,1166,2052,401,0,731.26,3736,West,,,
827,5/4/2025,1121,2016,402,0,646.04,2160,East,,,
828,5/4/2025,1057,2032,403,2,3782.4,4124,East,,,
829,5/4/2025,1108,2048,403,3,357.63,2806,West,,,
830,5/4/2025,1064,2027,404,2,413.78,859,West,,,
831,5/4/2025,1173,2066,404,0,2580.3,4363,East,,,
832,5/4/2025,1001,2065,403,2,376.27,2453,West,,,
833,5/4/2025,1076,2087,401,3,796.6,1139,East,,,
834,5/4/2025,1016,2043,403,2,2795.04,3207,West,,,
835,5/4/2025,1070,2033,403,1,752.62,206,West,,,
836,5/4/2025,1038,2066,402,0,1032.12,5138,East,,,
837,5/4/2025,1153,2051,403,1,316.76,5804,West,,,
838,5/4/2025,1184,2003,404,2,1848.86,5854,East,,,
839,5/4/2025,1066,2053,404,3,0,1462,East,,,
840,5/4/2025,1188,2004,402,2,2967.2,2403,West,,,
841,5/4/2025,1185,2091,402,3,3623.16,3767,East,,,
842,5/4/2025,1171,2045,403,1,280.93,5011,East,,,
843,5/4/2025,1168,2071,402,2,1968.51,2778,East,,,
844,5/4/2025,1024,2060,402,2,326.7,3870,East,,,
845,5/4/2025,1185,2071,402,2,984.26,1345,East,,,
846,5/4/2025,1167,2011,402,2,327.79,3524,West,,,
847,5/4/2025,1057,2095,403,3,2453.95,4627,East,,,
848,5/4/2025,1084,2047,403,2,803.95,606,East,,,
849,5/4/2025,1118,2015,404,0,4049.82,2484,East,,,
850,5/4/2025,1162,2074,401,3,659.5,3224,East,,,
851,5/4/2025,1049,2064,401,3,882.12,5762,West,,,
852,5/4/2025,1135,2038,404,0,926.51,2946,East,,,
853,5/4/2025,1038,2017,402,2,741.92,2387,West,,,
854,5/4/2025,1104,2072,404,1,1134.81,5099,East,,,
855,5/4/2025,1080,2091,402,0,2717.37,4281,East,,,
856,5/4/2025,1124,2042,402,2,0,4976,East,,,
857,5/4/2025,1162,2007,401,3,583.39,3568,West,,,
858,5/4/2025,1070,2026,402,1,190.4,2710,West,,,
859,5/4/2025,1125,2097,401,1,3031.56,4256,West,,,
860,5/4/2025,1157,2055,404,3,53.94,5793,West,,,
861,5/4/2025,1109,2061,404,0,799.68,3792,West,,,
862,5/4/2025,1009,2068,402,2,0,5599,West,,,
863,5/4/2025,1003,2041,402,0,2412.63,2946,East,,,
864,5/4/2025,1173,2000,402,1,872.38,3392,West,,,
865,5/4/2025,1177,2044,403,1,373.64,1844,East,,,
866,5/4/2025,1026,2049,403,1,3383.42,3632,East,,,
867,5/4/2025,1016,2005,403,2,686.05,2679,West,,,
868,5/4/2025,1116,2093,403,3,755.94,859,East,,,
869,5/4/2025,1175,2017,403,3,463.7,3250,East,,,
870,5/4/2025,1091,2096,402,1,1209.92,4424,East,,,
871,5/4/2025,1103,2002,402,1,779.4,1164,West,,,
872,5/4/2025,1186,2016,402,0,646.04,5979,East,,,
873,5/4/2025,1150,2064,402,0,294.04,3901,East,,,
874,5/4/2025,1093,2091,401,3,2717.37,4330,West,,,
875,5/4/2025,1163,2032,401,0,0,2448,West,,,
876,5/4/2025,1169,2013,401,0,935.36,4909,West,,,
877,5/4/2025,1176,2014,404,3,1231.5,3542,West,,,
878,5/4/2025,1097,2015,403,3,2699.88,3296,West,,,
879,5/4/2025,1179,2019,402,0,1867.86,1274,West,,,
880,5/4/2025,1077,2053,401,2,976.24,2588,East,,,
881,5/4/2025,1159,2077,402,3,561.83,221,East,,,
882,5/4/2025,1026,2065,401,2,1881.36,2762,West,,,
883,5/4/2025,1029,2013,404,1,0,1943,West,,,
884,5/4/2025,1155,2025,403,1,503.32,3082,East,,,
885,5/4/2025,1091,2090,404,2,171.94,4630,East,,,
886,5/4/2025,1041,2005,404,1,385.9,5800,East,,,
887,5/4/2025,1176,2061,403,1,359.86,5290,West,,,
888,5/4/2025,1000,2001,401,0,1649.4,4234,East,,,
889,5/4/2025,1146,2085,404,1,653.81,707,West,,,
890,5/4/2025,1023,2099,401,0,1292.64,5988,West,,,
891,5/4/2025,1065,2082,402,3,266.6,3375,West,,,
892,5/4/2025,1075,2033,404,0,2508.75,629,West,,,
893,5/4/2025,1025,2022,401,2,1073.89,3286,West,,,
894,5/4/2025,1092,2086,403,3,894.1,5144,West,,,
895,5/4/2025,1189,2014,401,0,0,4901,West,,,
896,5/4/2025,1002,2017,402,2,0,5966,East,,,
897,5/4/2025,1091,2056,403,0,1049.44,1278,East,,,
898,5/4/2025,1095,2043,402,0,0,4681,West,,,
899,5/4/2025,1102,2051,404,2,93.86,2559,East,,,
900,5/4/2025,1098,2088,404,3,0,2326,East,,,
901,5/4/2025,1166,2021,401,1,0,3386,West,,,
902,5/4/2025,1178,2092,401,1,867.98,4250,East,,,
903,5/4/2025,1026,2053,404,3,1830.45,1130,East,,,
904,5/4/2025,1046,2078,404,2,454.43,5305,West,,,
905,5/4/2025,1156,2003,402,3,1925.9,714,East,,,
906,5/4/2025,1124,2014,404,3,0,1300,East,,,
907,5/4/2025,1011,2008,403,2,106.54,1149,East,,,
908,5/4/2025,1003,2090,402,2,57.31,4730,East,,,
909,5/4/2025,1132,2066,401,3,1548.18,4978,West,,,
910,5/4/2025,1169,2093,402,3,755.94,1863,West,,,
911,5/4/2025,1088,2084,404,1,0,1602,East,,,
912,5/4/2025,1142,2078,401,0,568.04,563,West,,,
913,5/4/2025,1164,2020,404,3,1879.15,3003,West,,,
914,5/4/2025,1042,2009,404,2,53.05,2870,East,,,
915,5/4/2025,1061,2042,403,0,167.61,5594,West,,,
916,5/4/2025,1129,2028,404,3,2551.76,5833,East,,,
917,5/4/2025,1060,2010,404,3,544.88,3478,East,,,
918,5/4/2025,1146,2057,401,3,436.98,4089,West,,,
919,5/4/2025,1114,2040,401,3,34.54,2328,West,,,
920,5/4/2025,1190,2083,401,0,2304.48,2291,West,,,
921,5/4/2025,1103,2052,401,0,2193.78,1021,West,,,
922,5/4/2025,1023,2077,403,1,505.65,5696,East,,,
923,5/4/2025,1167,2085,404,2,387.44,4038,West,,,
924,5/4/2025,1093,2006,402,3,594,5396,East,,,
925,5/4/2025,1084,2071,404,2,492.13,392,East,,,
926,5/4/2025,1183,2057,401,0,873.96,3781,West,,,
927,5/4/2025,1194,2084,402,0,563.7,936,West,,,
928,5/4/2025,1087,2045,403,2,499.42,4981,East,,,
929,5/4/2025,1179,2013,401,1,1683.65,1013,East,,,
930,5/4/2025,1126,2017,404,0,927.4,4103,West,,,
931,5/4/2025,1065,2078,402,1,127.81,2765,East,,,
932,5/4/2025,1030,2050,402,3,186.78,3816,West,,,
933,5/4/2025,1005,2024,403,0,621.35,3748,East,,,
934,5/4/2025,1193,2053,401,0,1830.45,3280,West,,,
935,5/4/2025,1197,2057,404,1,1179.85,2684,West,,,
936,5/4/2025,1127,2000,401,3,969.31,628,West,,,
937,5/4/2025,1149,2061,402,1,359.86,4578,East,,,
938,5/4/2025,1187,2016,401,3,2584.16,2062,East,,,
939,5/4/2025,1168,2076,403,3,2418.21,5057,East,,,
940,5/4/2025,1107,2077,402,2,898.93,1245,East,,,
941,5/4/2025,1101,2043,403,3,3493.8,651,West,,,
942,5/4/2025,1034,2017,404,2,0,4866,West,,,
943,5/4/2025,1179,2070,403,1,61.52,1727,East,,,
944,5/4/2025,1051,2026,403,2,338.5,2498,West,,,
945,5/4/2025,1172,2016,402,2,516.83,3510,West,,,
946,5/4/2025,1181,2014,403,3,246.3,1237,West,,,
947,5/4/2025,1149,2073,404,2,799.09,5706,East,,,
948,5/4/2025,1108,2001,401,0,412.35,4551,East,,,
949,5/4/2025,1097,2018,401,0,1084.52,1669,East,,,
950,5/4/2025,1051,2034,402,2,217.87,825,East,,,
951,5/4/2025,1174,2032,402,0,4728,3215,West,,,
952,5/4/2025,1176,2037,402,0,720.28,2169,East,,,
953,5/4/2025,1091,2057,401,1,786.56,2908,West,,,
954,5/4/2025,1190,2082,404,1,239.94,58,East,,,
955,5/4/2025,1130,2089,403,0,413.52,3795,East,,,
956,5/4/2025,1097,2049,404,2,0,1682,East,,,
957,5/4/2025,1141,2006,401,2,0,500,East,,,
958,5/4/2025,1051,2079,404,1,1710.97,4364,East,,,
959,5/4/2025,1162,2090,403,1,257.9,5771,East,,,
960,5/4/2025,1198,2092,402,2,771.54,1845,West,,,
961,5/4/2025,1114,2022,401,1,3020.31,1137,West,,,
962,5/4/2025,1044,2094,401,3,493.35,1843,West,,,
963,5/4/2025,1010,2054,403,2,720.41,3238,West,,,
964,5/4/2025,1033,2020,403,0,751.66,3700,East,,,
965,5/4/2025,1084,2059,402,0,0,537,East,,,
966,5/4/2025,1039,2041,401,2,0,2506,East,,,
967,5/4/2025,1125,2073,403,0,1997.72,3045,West,,,
968,5/4/2025,1005,2090,403,1,193.43,4249,West,,,
969,5/4/2025,1047,2066,401,1,464.45,4139,East,,,
970,5/4/2025,1106,2069,404,0,464.78,2247,East,,,
971,5/4/2025,1089,2028,402,2,0,1538,East,,,
972,5/4/2025,1084,2046,403,1,0,819,East,,,
973,5/4/2025,1192,2079,404,0,950.54,1599,West,,,
974,5/4/2025,1029,2085,403,3,726.45,3631,East,,,
975,5/4/2025,1061,2082,402,0,533.2,158,East,,,
976,5/4/2025,1174,2041,404,0,804.21,1775,West,,,
977,5/4/2025,1098,2032,403,0,0,2509,West,,,
978,5/4/2025,1132,2098,403,3,3631.44,2097,East,,,
979,5/4/2025,1124,2005,403,1,1157.71,1772,West,,,
980,5/4/2025,1082,2065,401,0,1411.02,596,East,,,
981,5/4/2025,1042,2098,401,0,4539.3,1902,West,,,
982,5/4/2025,1053,2085,402,3,726.45,1355,West,,,
983,5/4/2025,1026,2026,404,0,423.12,4757,West,,,
984,5/4/2025,1191,2087,402,0,477.96,5702,East,,,
985,5/4/2025,1117,2091,403,0,1811.58,5560,West,,,
986,5/4/2025,1022,2009,401,1,119.36,2335,West,,,
987,5/4/2025,1064,2071,401,1,1107.29,5847,West,,,
988,5/4/2025,1066,2052,404,3,5118.82,649,East,,,
989,5/4/2025,1161,2051,404,2,375.42,281,West,,,
990,5/4/2025,1004,2049,401,0,939.84,1368,East,,,
991,5/4/2025,1164,2092,401,0,2893.26,654,East,,,
992,5/4/2025,1179,2009,403,0,66.31,4108,East,,,
993,5/4/2025,1074,2087,403,0,477.96,1038,East,,,
994,5/4/2025,1072,2097,404,3,842.1,816,East,,,
995,5/4/2025,1101,2084,401,3,1127.4,116,West,,,
996,5/4/2025,1040,2068,402,1,2952.86,4398,East,,,
997,5/4/2025,1191,2050,403,1,504.31,515,East,,,
998,5/4/2025,1076,2086,403,0,2682.3,1522,West,,,
999,5/4/2025,1141,2071,402,0,1230.32,435,East,,,
1000,5/4/2025,1010,2000,404,0,3877.24,5679,West,,,
1001,5/4/2025,1078,2026,403,1,761.62,5506,East,,,
1002,5/4/2025,1105,2082,402,1,239.94,4780,East,,,
1003,5/4/2025,1047,2028,403,1,1148.29,2767,West,,,
1004,5/4/2025,1029,2023,401,3,2818.62,3547,East,,,
1005,5/4/2025,1165,2070,401,2,54.69,1848,East,,,
1006,5/4/2025,1171,2008,403,0,133.18,2558,West,,,
1007,5/4/2025,1050,2092,404,2,771.54,1585,West,,,
1008,5/4/2025,1091,2016,402,0,1292.08,568,West,,,
1009,5/4/2025,1072,2079,401,1,855.49,691,West,,,
1010,5/4/2025,1081,2062,404,2,495.49,5150,East,,,
1011,5/4/2025,1157,2084,403,1,253.67,4117,West,,,
1012,5/4/2025,1144,2072,403,2,672.48,5993,East,,,
1013,5/4/2025,1109,2021,401,2,668.33,4295,West,,,
1014,5/4/2025,1063,2028,404,2,510.35,4462,East,,,
1015,5/4/2025,1092,2017,403,3,1854.8,2137,East,,,
1016,5/4/2025,1118,2057,403,2,699.17,1651,West,,,
1017,5/4/2025,1124,2070,401,1,30.76,4258,East,,,
1018,5/4/2025,1165,2077,401,2,449.46,3303,West,,,
1019,5/4/2025,1035,2068,402,2,1968.58,488,West,,,
1020,5/4/2025,1187,2080,401,0,0,2918,East,,,
1021,5/4/2025,1004,2064,401,3,882.12,2084,West,,,
1022,5/4/2025,1196,2075,402,0,2341.92,3852,West,,,
1023,5/4/2025,1141,2033,404,1,0,3425,West,,,
1024,5/4/2025,1093,2050,402,2,448.27,5779,West,,,
1025,5/4/2025,1034,2059,401,3,1536.15,2203,West,,,
1026,5/4/2025,1093,2064,401,1,793.91,1806,East,,,
1027,5/4/2025,1157,2087,402,1,286.78,5513,East,,,
1028,5/4/2025,1114,2020,402,1,676.49,3749,East,,,
1029,5/4/2025,1188,2093,404,2,1814.26,2577,West,,,
1030,5/4/2025,1010,2028,404,1,1148.29,3001,West,,,
1031,5/4/2025,1016,2033,403,1,2257.88,2091,East,,,
1032,5/4/2025,1010,2085,402,2,387.44,2520,East,,,
1033,5/4/2025,1099,2060,404,0,0,1079,East,,,
1034,5/4/2025,1010,2083,403,0,768.16,4907,West,,,
1035,5/4/2025,1180,2066,403,2,1238.54,2556,West,,,
1036,5/4/2025,1148,2069,402,3,697.17,591,East,,,
1037,5/4/2025,1167,2048,403,0,1072.89,1206,West,,,
1038,5/4/2025,1132,2032,404,1,851.04,3586,East,,,
1039,5/4/2025,1132,2051,403,2,187.71,42,West,,,
1040,5/4/2025,1124,2061,401,1,0,1842,East,,,
1041,5/4/2025,1112,2021,402,0,835.41,4108,East,,,
1042,5/4/2025,1131,2082,403,1,239.94,1117,East,,,
1043,5/4/2025,1038,2023,402,2,0,5279,West,,,
1044,5/4/2025,1154,2091,401,1,3260.84,2668,East,,,
1045,5/4/2025,1106,2042,401,3,1173.27,1851,East,,,
1046,5/4/2025,1172,2061,404,1,719.71,1407,West,,,
1047,5/4/2025,1151,2020,404,0,1127.49,5237,East,,,
1048,5/4/2025,1062,2005,402,1,385.9,1730,West,,,
1049,5/4/2025,1034,2080,401,1,2996.14,4506,West,,,
1050,5/4/2025,1014,2021,403,1,1503.74,21,East,,,
1051,5/4/2025,1132,2051,401,2,281.57,3953,East,,,
1052,5/4/2025,1021,2027,404,3,775.83,2269,West,,,
1053,5/4/2025,1123,2021,402,3,0,3426,West,,,
1054,5/4/2025,1153,2018,402,2,867.62,5563,East,,,
1055,5/4/2025,1042,2092,403,3,1446.63,5874,West,,,
1056,5/4/2025,1152,2075,401,1,2107.73,4203,East,,,
1057,5/4/2025,1096,2049,402,0,939.84,1166,East,,,
1058,5/4/2025,1004,2025,404,1,0,4359,West,,,
1059,5/4/2025,1155,2012,402,3,623.19,5160,East,,,
1060,5/4/2025,1157,2076,401,0,2418.21,953,West,,,
1061,5/4/2025,1023,2061,402,0,199.92,5434,West,,,
1062,5/4/2025,1198,2086,404,3,894.1,3622,West,,,
1063,5/4/2025,1094,2005,404,1,771.8,3647,West,,,
1064,5/4/2025,1123,2098,404,2,3631.44,398,East,,,
1065,5/4/2025,1150,2094,401,3,2466.75,3397,West,,,
1066,5/4/2025,1034,2032,404,1,1702.08,3481,West,,,
1067,5/4/2025,1021,2036,404,2,348.77,5445,West,,,
1068,5/4/2025,1048,2000,401,0,4846.55,298,West,,,
1069,5/4/2025,1133,2000,404,1,872.38,3276,West,,,
1070,5/4/2025,1176,2040,404,2,55.26,5180,West,,,
1071,5/4/2025,1027,2019,404,2,747.14,1544,East,,,
1072,5/4/2025,1066,2068,404,2,1968.58,3326,West,,,
1073,5/4/2025,1156,2035,404,1,0,2555,East,,,
1074,5/4/2025,1105,2070,404,1,0,291,East,,,
1075,5/4/2025,1094,2071,404,2,984.26,5636,East,,,
1076,5/4/2025,1078,2073,403,3,499.43,4906,East,,,
1077,5/4/2025,1188,2017,401,1,417.33,2604,East,,,
1078,5/4/2025,1114,2089,402,0,827.04,2913,East,,,
1079,5/4/2025,1054,2065,404,2,376.27,879,West,,,
1080,5/4/2025,1140,2078,401,1,255.62,1286,West,,,
1081,5/4/2025,1099,2081,401,0,1492.44,2729,West,,,
1082,5/4/2025,1037,2060,404,0,1225.14,750,East,,,
1083,5/4/2025,1016,2033,402,2,2007,3704,West,,,
1084,5/4/2025,1020,2077,401,3,561.83,5202,East,,,
1085,5/4/2025,1102,2078,403,0,142.01,3694,East,,,
1086,5/4/2025,1198,2022,404,3,671.18,5130,East,,,
1087,5/4/2025,1002,2025,403,1,503.32,704,West,,,
1088,5/4/2025,1008,2076,402,1,1450.93,4285,West,,,
1089,5/4/2025,1172,2004,403,1,834.52,1252,West,,,
1090,5/4/2025,1167,2000,402,0,969.31,1225,West,,,
1091,5/4/2025,1070,2099,404,2,1551.17,5917,East,,,
1092,5/4/2025,1171,2050,404,1,168.1,2304,West,,,
1093,5/4/2025,1132,2001,401,0,2061.75,4588,East,,,
1094,5/4/2025,1140,2036,403,2,348.77,5274,West,,,
1095,5/4/2025,1070,2028,402,3,2551.76,2633,East,,,
1096,5/4/2025,1103,2073,401,2,0,1756,West,,,
1097,5/4/2025,1044,2052,401,0,2193.78,4599,West,,,
1098,5/4/2025,1128,2037,403,0,0,5502,East,,,
1099,5/4/2025,1131,2032,403,3,4728,32,East,,,
1100,5/4/2025,1096,2072,404,1,378.27,2875,East,,,
1101,5/4/2025,1193,2043,404,3,2620.35,2307,West,,,
1102,5/4/2025,1150,2003,404,0,1155.54,4583,East,,,
1103,5/4/2025,1066,2008,404,1,59.93,255,West,,,
1104,5/4/2025,1173,2089,402,2,0,844,East,,,
1105,5/4/2025,1105,2045,401,2,499.42,110,West,,,
1106,5/4/2025,1063,2036,401,3,653.94,3936,East,,,
1107,5/4/2025,1172,2095,403,0,981.58,2326,East,,,
1108,5/4/2025,1141,2022,404,2,0,1247,East,,,
1109,5/4/2025,1090,2027,403,1,698.25,2093,East,,,
1110,5/4/2025,1191,2087,402,3,955.92,371,East,,,
1111,5/4/2025,1188,2025,402,1,251.66,1135,West,,,
1112,5/4/2025,1067,2026,402,1,380.81,1007,East,,,
1113,5/4/2025,1063,2079,403,1,1710.97,4341,West,,,
1114,5/4/2025,1199,2013,401,0,5612.16,2455,West,,,
1115,5/4/2025,1173,2084,404,0,281.85,4012,West,,,
1116,5/4/2025,1195,2069,401,3,697.17,449,East,,,
1117,5/4/2025,1095,2079,403,3,950.54,3024,West,,,
1118,5/4/2025,1147,2035,404,1,809.99,5212,West,,,
1119,5/4/2025,1195,2065,403,3,1411.02,1728,West,,,
1120,5/4/2025,1056,2096,402,0,0,4317,West,,,
1121,5/4/2025,1134,2054,404,0,3602.04,1888,West,,,
1122,5/4/2025,1128,2044,404,1,373.64,162,West,,,
1123,5/4/2025,1117,2015,404,2,1619.93,2300,East,,,
1124,5/4/2025,1176,2001,401,1,371.12,4433,East,,,
1125,5/4/2025,1097,2074,401,2,527.6,1321,West,,,
1126,5/4/2025,1092,2078,403,1,383.43,1719,West,,,
1127,5/4/2025,1140,2033,402,2,1338,2828,East,,,
1128,5/4/2025,1120,2078,403,2,227.22,4338,West,,,
1129,5/4/2025,1047,2063,404,1,0,16,East,,,
1130,5/4/2025,1107,2089,403,2,330.82,1896,East,,,
1131,5/4/2025,1102,2035,404,1,1619.98,5586,West,,,
1132,5/4/2025,1146,2016,402,0,0,1670,West,,,
1133,5/4/2025,1184,2034,402,3,680.85,869,West,,,
1134,5/4/2025,1097,2025,402,1,1258.29,2592,West,,,
1135,5/4/2025,1121,2001,402,3,0,5571,East,,,
1136,5/4/2025,1127,2017,403,3,0,4473,East,,,
1137,5/4/2025,1076,2032,401,3,6619.2,110,East,,,
1138,5/4/2025,1025,2088,402,0,0,2737,West,,,
1139,5/4/2025,1055,2032,404,0,945.6,3141,West,,,
1140,5/4/2025,1115,2095,403,2,0,5444,West,,,
1141,5/4/2025,1092,2046,403,2,80.23,533,West,,,
1142,5/4/2025,1005,2052,401,2,1170.02,1722,East,,,
1143,5/4/2025,1173,2077,402,1,1516.94,698,West,,,
1144,5/4/2025,1199,2036,403,2,871.92,5425,West,,,
1145,5/4/2025,1172,2065,404,3,2822.04,5065,West,,,
1146,5/4/2025,1020,2048,403,3,1072.89,3953,West,,,
1147,5/4/2025,1161,2018,402,2,1301.42,4791,West,,,
1148,5/4/2025,1107,2080,404,0,4993.56,2324,East,,,
1149,5/4/2025,1020,2020,403,1,1014.74,661,East,,,
1150,5/4/2025,1080,2040,403,2,55.26,402,East,,,
1151,5/4/2025,1154,2082,404,2,639.84,3894,West,,,
1152,5/4/2025,1113,2099,403,3,646.32,5021,West,,,
1153,5/4/2025,1105,2021,402,0,835.41,1476,East,,,
1154,5/4/2025,1032,2093,402,2,2419.01,2049,West,,,
1155,5/4/2025,1190,2089,401,1,0,55,East,,,
1156,5/4/2025,1042,2050,401,0,1120.68,2625,East,,,
1157,5/4/2025,1016,2060,401,0,816.76,866,East,,,
1158,5/4/2025,1197,2050,401,0,560.34,4801,East,,,
1159,5/4/2025,1067,2079,402,0,1901.08,3850,East,,,
1160,5/4/2025,1167,2049,403,1,0,1114,East,,,
1161,5/4/2025,1063,2094,403,3,493.35,5498,West,,,
1162,5/4/2025,1160,2016,402,1,1162.87,1901,West,,,
1163,5/4/2025,1007,2004,403,2,2225.4,3747,West,,,
1164,5/4/2025,1121,2059,403,3,2048.2,4911,East,,,
1165,5/4/2025,1034,2089,402,3,2481.12,1025,West,,,
1166,5/4/2025,1161,2095,404,2,392.63,4491,West,,,
1167,5/4/2025,1088,2061,402,0,799.68,5439,East,,,
1168,5/4/2025,1113,2039,403,3,976.44,2653,West,,,
1169,5/4/2025,1066,2019,403,0,933.93,2327,East,,,
1170,5/4/2025,1000,2066,402,2,412.85,3693,East,,,
1171,5/4/2025,1073,2060,401,3,0,5344,West,,,
1172,5/4/2025,1193,2061,403,0,199.92,2319,East,,,
1173,5/4/2025,1196,2055,403,1,194.18,4030,West,,,
1174,5/4/2025,1001,2070,403,1,61.52,401,West,,,
1175,5/4/2025,1105,2071,404,3,615.16,5556,East,,,
1176,5/4/2025,1063,2020,404,3,375.83,2962,West,,,
1177,5/4/2025,1056,2033,401,3,836.25,1208,West,,,
1178,5/4/2025,1160,2030,403,2,271.95,1512,East,,,
1179,5/4/2025,1166,2095,403,3,1472.37,4010,West,,,
1180,5/4/2025,1048,2008,402,1,0,748,West,,,
1181,5/4/2025,1074,2014,404,3,738.9,3844,West,,,
1182,5/4/2025,1069,2089,404,1,372.17,962,West,,,
1183,5/4/2025,1082,2002,402,0,1732,649,West,,,
1184,5/4/2025,1136,2002,402,0,1732,2094,West,,,
1185,5/4/2025,1072,2034,402,3,0,1342,West,,,
1186,5/4/2025,1186,2001,402,0,824.7,1992,West,,,
1187,5/4/2025,1038,2001,404,1,0,2546,East,,,
1188,5/4/2025,1087,2053,403,3,2440.6,4684,West,,,
1189,5/4/2025,1095,2059,401,2,1638.56,539,East,,,
1190,5/4/2025,1020,2096,402,0,2688.72,3884,East,,,
1191,5/4/2025,1068,2099,404,0,1938.96,3705,East,,,
1192,5/4/2025,1139,2060,402,1,1102.63,3585,East,,,
1193,5/4/2025,1064,2048,401,0,715.26,5089,East,,,
1194,5/4/2025,1196,2091,402,3,0,3483,West,,,
1195,5/4/2025,1197,2056,402,0,1049.44,1770,East,,,
1196,5/4/2025,1050,2058,401,1,1800.22,5449,West,,,
1197,5/4/2025,1121,2049,403,2,751.87,3200,West,,,
1198,5/4/2025,1040,2080,401,0,1664.52,160,East,,,
1199,5/4/2025,1064,2061,403,1,179.93,5521,East,,,
1200,5/4/2025,1092,2006,402,0,198,3927,East,,,
1201,5/4/2025,1060,2081,404,2,1193.95,2048,East,,,
1202,5/4/2025,1003,2021,403,0,2506.23,2444,East,,,
1203,5/4/2025,1101,2031,401,0,1130.6,1997,East,,,
1204,5/4/2025,1148,2088,404,1,0,4227,East,,,
1205,5/4/2025,1095,2098,401,1,2451.22,2285,West,,,
1206,5/4/2025,1040,2063,401,2,883.94,586,East,,,
1207,5/4/2025,1194,2080,401,0,1664.52,5728,West,,,
1208,5/4/2025,1091,2082,402,0,0,5227,West,,,
1209,5/4/2025,1032,2062,402,2,1981.95,5475,West,,,
1210,5/4/2025,1142,2082,403,3,799.8,1195,East,,,
1211,5/4/2025,1187,2024,401,3,372.81,2252,West,,,
1212,5/4/2025,1091,2092,402,2,385.77,369,West,,,
1213,5/4/2025,1010,2062,404,2,990.98,3273,West,,,
1214,5/4/2025,1138,2089,404,1,744.34,2671,East,,,
1215,5/4/2025,1145,2023,403,2,1503.26,70,East,,,
1216,5/4/2025,1187,2059,403,1,1843.38,4103,West,,,
1217,5/4/2025,1017,2067,402,3,0,4072,West,,,
1218,5/4/2025,1075,2033,403,3,836.25,64,East,,,
1219,5/4/2025,1000,2099,404,1,2326.75,4543,West,,,
1220,5/4/2025,1004,2079,403,1,0,1526,West,,,
1221,5/4/2025,1082,2092,401,3,0,3904,West,,,
1222,5/4/2025,1048,2067,404,1,785.56,1898,West,,,
1223,5/4/2025,1156,2036,403,3,0,1774,East,,,
1224,5/4/2025,1164,2041,401,0,804.21,4773,West,,,
1225,5/4/2025,1133,2084,401,0,0,247,West,,,
1226,5/4/2025,1033,2022,401,1,604.06,3139,East,,,
1227,5/4/2025,1027,2062,402,0,1238.72,1666,West,,,
1228,5/4/2025,1008,2073,404,3,1498.29,3127,East,,,
1229,5/4/2025,1134,2079,403,0,950.54,3728,East,,,
1230,5/4/2025,1093,2028,401,0,1275.88,1454,East,,,
1231,5/4/2025,1053,2083,404,0,2304.48,615,East,,,
1232,5/4/2025,1119,2081,401,2,0,5163,East,,,
1233,5/4/2025,1142,2095,404,2,1177.9,1011,West,,,
1234,5/4/2025,1181,2007,403,0,583.39,4117,West,,,
1235,5/4/2025,1187,2009,403,0,265.24,4673,West,,,
1236,5/4/2025,1055,2066,401,0,2580.3,85,East,,,
1237,5/4/2025,1185,2029,404,1,12.16,1428,West,,,
1238,5/4/2025,1049,2067,402,1,261.86,3548,West,,,
1239,5/4/2025,1142,2095,404,0,1963.16,5710,West,,,
1240,5/4/2025,1196,2081,403,3,746.22,60,West,,,
1241,5/4/2025,1179,2085,404,0,242.15,4633,East,,,
1242,5/4/2025,1042,2023,404,2,2254.9,829,West,,,
1243,5/4/2025,1168,2020,404,2,601.33,1543,East,,,
1244,5/4/2025,1080,2070,403,2,0,5605,West,,,
1245,5/4/2025,1105,2097,404,2,673.68,4849,East,,,
1246,5/4/2025,1155,2030,402,3,509.91,2115,West,,,
1247,5/4/2025,1196,2070,403,2,27.34,5409,West,,,
1248,5/4/2025,1115,2057,404,0,1747.92,3468,West,,,
1249,5/4/2025,1185,2004,403,0,2781.75,1179,East,,,
1250,5/4/2025,1132,2017,403,0,0,3684,East,,,
1251,5/4/2025,1076,2028,402,2,1020.7,116,West,,,
1252,5/4/2025,1005,2098,403,1,3268.3,643,East,,,
1253,5/4/2025,1024,2004,404,2,1483.6,5323,West,,,
1254,5/4/2025,1039,2017,403,2,370.96,223,East,,,
1255,5/4/2025,1149,2031,402,2,904.48,3235,East,,,
1256,5/4/2025,1076,2011,404,1,737.53,2564,West,,,
1257,5/4/2025,1187,2009,403,3,198.93,2360,East,,,
1258,5/4/2025,1044,2062,401,2,495.49,2487,West,,,
1259,5/4/2025,1009,2093,404,0,0,5023,East,,,
1260,5/4/2025,1199,2007,403,2,1400.14,5116,West,,,
1261,5/4/2025,1111,2053,401,1,3294.81,89,West,,,
1262,5/4/2025,1191,2083,401,3,768.16,92,East,,,
1263,5/4/2025,1013,2039,401,2,1562.3,4750,East,,,
1264,5/4/2025,1138,2072,402,2,672.48,1500,West,,,
1265,5/4/2025,1128,2089,402,1,744.34,2729,West,,,
1266,5/4/2025,1012,2086,404,3,2682.3,5780,East,,,
1267,5/4/2025,1192,2076,401,1,1450.93,1537,East,,,
1268,5/4/2025,1110,2037,404,1,324.13,3851,West,,,
1269,5/4/2025,1033,2043,401,3,4367.25,3283,East,,,
1270,5/4/2025,1146,2095,401,3,1963.16,4510,East,,,
1271,5/4/2025,1067,2010,404,3,0,4238,East,,,
1272,5/4/2025,1198,2089,402,1,744.34,864,East,,,
1273,5/4/2025,1123,2071,402,3,1845.48,4637,East,,,
1274,5/4/2025,1101,2083,402,1,2074.03,2975,East,,,
1275,5/4/2025,1062,2009,403,3,66.31,1152,West,,,
1276,5/4/2025,1082,2087,401,0,318.64,3912,West,,,
1277,5/4/2025,1171,2052,404,2,0,388,West,,,
1278,5/4/2025,1089,2024,403,2,298.25,1230,West,,,
1279,5/4/2025,1152,2083,401,2,1843.58,4785,West,,,
1280,5/4/2025,1043,2044,404,1,373.64,5089,East,,,
1281,5/4/2025,1112,2005,402,1,0,3482,West,,,
1282,5/4/2025,1175,2047,402,0,1004.94,4335,East,,,
1283,5/4/2025,1028,2094,401,1,888.03,2192,West,,,
1284,5/4/2025,1158,2018,403,0,2169.04,2407,East,,,
1285,5/4/2025,1087,2088,401,2,567.48,3008,West,,,
1286,5/4/2025,1115,2060,401,2,980.11,3449,East,,,
1287,5/4/2025,1053,2094,402,1,888.03,3884,West,,,
1288,5/4/2025,1139,2066,403,3,2580.3,402,East,,,
1289,5/4/2025,1159,2093,402,0,0,1214,West,,,
1290,5/4/2025,1096,2074,401,2,1055.2,53,West,,,
1291,5/4/2025,1043,2007,403,1,525.05,5204,West,,,
1292,5/4/2025,1178,2079,403,0,950.54,3699,East,,,
1293,5/4/2025,1119,2083,401,0,768.16,4119,West,,,
1294,5/4/2025,1099,2084,403,2,0,3508,East,,,
1295,5/4/2025,1027,2002,403,3,866,2696,West,,,
1296,5/4/2025,1059,2048,401,2,572.21,5065,East,,,
1297,5/4/2025,1124,2076,401,1,2176.39,1222,West,,,
1298,5/4/2025,1050,2064,404,0,1470.2,3968,West,,,
1299,5/4/2025,1010,2031,403,2,1356.72,1465,East,,,
1300,5/4/2025,1125,2050,402,0,373.56,2536,West,,,
1301,5/4/2025,1088,2087,403,2,509.82,818,West,,,
1302,5/4/2025,1160,2038,402,2,2223.62,500,East,,,
1303,5/4/2025,1015,2080,403,3,2496.78,2120,West,,,
1304,5/4/2025,1007,2071,403,1,553.64,5516,East,,,
1305,5/4/2025,1038,2043,404,1,786.1,1524,West,,,
1306,5/4/2025,1022,2093,404,1,2721.38,4913,West,,,
1307,5/4/2025,1106,2030,402,3,1019.82,3742,East,,,
1308,5/4/2025,1079,2077,403,3,561.83,457,West,,,
1309,5/4/2025,1138,2016,402,1,872.15,1771,East,,,
1310,5/4/2025,1148,2069,402,1,418.3,4012,East,,,
1311,5/4/2025,1079,2088,402,3,709.35,3393,East,,,
1312,5/4/2025,1197,2018,402,2,867.62,5519,East,,,
1313,5/4/2025,1017,2071,401,1,553.64,3772,West,,,
1314,5/4/2025,1081,2018,401,2,867.62,5635,East,,,
1315,5/4/2025,1105,2052,403,3,731.26,4581,West,,,
1316,5/4/2025,1190,2081,403,1,0,677,East,,,
1317,5/4/2025,1199,2024,401,1,223.69,1851,East,,,
1318,5/4/2025,1047,2003,403,1,346.66,829,East,,,
1319,5/4/2025,1152,2029,402,0,27.02,3852,West,,,
1320,5/4/2025,1091,2010,404,1,210.17,2992,East,,,
1321,5/4/2025,1128,2077,404,2,0,152,West,,,
1322,5/4/2025,1047,2049,404,3,0,4572,West,,,
1323,5/4/2025,1035,2020,402,1,676.49,4035,East,,,
1324,5/4/2025,1008,2052,401,2,585.01,2154,West,,,
1325,5/4/2025,1105,2028,402,1,1148.29,3653,West,,,
1326,5/4/2025,1016,2022,404,3,2684.72,2607,West,,,
1327,5/4/2025,1176,2041,404,1,1447.58,604,East,,,
1328,5/4/2025,1109,2051,401,3,469.28,878,West,,,
1329,5/4/2025,1184,2040,404,0,103.62,4053,East,,,
1330,5/4/2025,1133,2013,404,3,3741.44,5404,West,,,
1331,5/4/2025,1010,2031,404,0,1130.6,956,East,,,
1332,5/4/2025,1142,2049,401,1,0,1478,West,,,
1333,5/4/2025,1074,2056,404,2,839.55,1447,East,,,
1334,5/4/2025,1198,2036,404,1,392.36,2667,East,,,
1335,5/4/2025,1108,2037,401,1,648.25,5383,West,,,
1336,5/4/2025,1118,2082,404,0,799.8,3301,West,,,
1337,5/4/2025,1184,2064,401,1,264.64,4878,West,,,
1338,5/4/2025,1199,2074,402,3,1978.5,4745,West,,,
1339,5/4/2025,1105,2041,404,0,0,1335,East,,,
1340,5/4/2025,1045,2058,402,3,0,4552,West,,,
1341,5/4/2025,1023,2032,403,1,1702.08,4427,West,,,
1342,5/4/2025,1183,2093,401,0,2267.82,3690,West,,,
1343,5/4/2025,1029,2090,404,2,57.31,5348,West,,,
1344,5/4/2025,1021,2067,404,1,261.86,4251,East,,,
1345,5/4/2025,1096,2070,404,0,136.72,5843,East,,,
1346,5/4/2025,1196,2021,403,1,751.87,3562,East,,,
1347,5/4/2025,1041,2018,402,0,1084.52,2546,West,,,
1348,5/4/2025,1107,2039,403,3,0,4564,West,,,
1349,5/4/2025,1073,2080,402,0,3329.04,1160,West,,,
1350,5/4/2025,1033,2025,401,2,671.09,3386,West,,,
1351,5/4/2025,1003,2058,404,3,2000.25,1724,West,,,
1352,5/4/2025,1139,2000,404,1,1744.76,1839,East,,,
1353,5/4/2025,1055,2075,404,3,3122.56,1131,West,,,
1354,5/4/2025,1104,2056,401,0,1574.16,2007,West,,,
1355,5/4/2025,1062,2070,403,1,30.76,3872,West,,,
1356,5/4/2025,1012,2023,402,0,2818.62,4742,West,,,
1357,5/4/2025,1167,2044,401,1,560.47,369,East,,,
1358,5/4/2025,1008,2085,403,2,0,4103,East,,,
1359,5/4/2025,1022,2006,401,3,990,295,West,,,
1360,5/4/2025,1045,2020,403,1,1352.99,2862,East,,,
1361,5/4/2025,1116,2095,403,0,981.58,3968,East,,,
1362,5/4/2025,1023,2098,403,2,1452.58,1553,West,,,
1363,5/4/2025,1094,2048,401,3,1072.89,965,West,,,
1364,5/4/2025,1140,2008,403,3,0,3731,West,,,
1365,5/4/2025,1034,2015,403,2,1079.95,4551,West,,,
1366,5/4/2025,1134,2052,402,1,1316.27,1743,East,,,
1367,5/4/2025,1156,2007,401,0,1750.17,5081,West,,,
1368,5/4/2025,1123,2092,403,3,0,409,West,,,
1369,5/4/2025,1155,2040,403,2,27.63,1788,East,,,
1370,5/4/2025,1033,2078,404,3,568.04,36,West,,,
1371,5/4/2025,1126,2023,402,2,2254.9,2469,East,,,
1372,5/4/2025,1049,2000,401,0,3877.24,2688,West,,,
1373,5/4/2025,1119,2080,401,1,0,3323,West,,,
1374,5/4/2025,1157,2053,404,0,1830.45,5737,East,,,
1375,5/4/2025,1085,2044,402,0,207.58,3889,West,,,
1376,5/4/2025,1163,2025,403,2,447.39,546,West,,,
1377,5/4/2025,1017,2039,403,2,3905.76,4642,East,,,
1378,5/4/2025,1196,2000,401,2,0,3401,East,,,
1379,5/4/2025,1087,2050,401,1,168.1,4833,West,,,
1380,5/4/2025,1049,2042,403,3,670.44,1559,East,,,
1381,5/4/2025,1121,2004,402,3,3709,3329,West,,,
1382,5/4/2025,1039,2080,404,2,665.81,814,East,,,
1383,5/4/2025,1118,2052,401,2,0,4473,East,,,
1384,5/4/2025,1144,2092,403,0,1446.63,4764,West,,,
1385,5/4/2025,1053,2073,403,2,1198.63,1857,West,,,
1386,5/4/2025,1016,2019,403,0,0,4310,West,,,
1387,5/4/2025,1086,2048,402,3,1072.89,3735,East,,,
1388,5/4/2025,1047,2076,401,2,0,5401,West,,,
1389,5/4/2025,1180,2040,401,2,110.53,3824,West,,,
1390,5/4/2025,1105,2011,404,1,0,5920,West,,,
1391,5/4/2025,1095,2057,403,1,786.56,106,East,,,
1392,5/4/2025,1134,2038,402,0,926.51,4116,East,,,
1393,5/4/2025,1095,2004,402,0,0,3123,East,,,
1394,5/4/2025,1113,2064,401,3,294.04,4409,East,,,
1395,5/4/2025,1128,2019,402,2,1494.29,82,East,,,
1396,5/4/2025,1123,2093,403,2,3023.76,4801,East,,,
1397,5/4/2025,1036,2098,401,1,817.07,5146,East,,,
1398,5/4/2025,1052,2092,401,3,1928.84,3257,East,,,
1399,5/4/2025,1099,2091,401,0,905.79,736,East,,,
1400,5/4/2025,1079,2005,401,2,1715.12,2606,West,,,
1401,5/4/2025,1119,2005,401,2,686.05,4608,West,,,
1402,5/4/2025,1005,2073,403,1,0,2501,East,,,
1403,5/4/2025,1082,2025,402,2,223.7,3071,West,,,
1404,5/4/2025,1070,2068,403,3,2460.72,4176,East,,,
1405,5/4/2025,1171,2015,403,1,0,4762,West,,,
1406,5/4/2025,1040,2035,401,0,899.99,461,West,,,
1407,5/4/2025,1159,2071,401,1,1660.93,5298,West,,,
1408,5/4/2025,1138,2044,403,2,0,973,East,,,
1409,5/4/2025,1036,2090,403,1,0,3800,West,,,
1410,5/4/2025,1043,2009,403,2,106.1,17,West,,,
1411,5/4/2025,1138,2056,401,1,944.5,3122,West,,,
1412,5/4/2025,1007,2060,401,0,816.76,1380,West,,,
1413,5/4/2025,1098,2006,401,3,990,5014,West,,,
1414,5/4/2025,1100,2022,404,2,1610.83,4915,West,,,
1415,5/4/2025,1079,2042,402,0,167.61,3933,West,,,
1416,5/4/2025,1193,2097,404,1,2273.67,4752,West,,,
1417,5/4/2025,1023,2089,404,0,413.52,5732,West,,,
1418,5/4/2025,1116,2039,404,3,3905.76,2612,East,,,
1419,5/4/2025,1059,2028,402,2,1531.06,3997,East,,,
1420,5/4/2025,1093,2050,402,2,298.85,3709,East,,,
1421,5/4/2025,1083,2058,404,0,2000.25,3255,West,,,
1422,5/4/2025,1016,2060,401,2,653.41,564,East,,,
1423,5/4/2025,1122,2059,402,2,1228.92,2347,West,,,
1424,5/4/2025,1196,2044,402,0,207.58,4481,West,,,
1425,5/4/2025,1103,2091,401,2,2173.9,827,East,,,
1426,5/4/2025,1142,2083,401,2,1229.06,5198,East,,,
1427,5/4/2025,1136,2059,404,3,2560.25,3906,West,,,
1428,5/4/2025,1061,2079,402,1,2566.46,1278,West,,,
1429,5/4/2025,1123,2049,401,2,751.87,809,East,,,
1430,5/4/2025,1053,2088,404,3,709.35,4021,West,,,
1431,5/4/2025,1145,2043,402,1,1572.21,225,West,,,
1432,5/4/2025,1169,2085,401,3,1210.75,562,West,,,
1433,5/4/2025,1029,2075,404,2,1249.02,1160,West,,,
1434,5/4/2025,1142,2012,404,1,1682.61,5329,East,,,
1435,5/4/2025,1078,2051,401,0,117.32,3250,East,,,
1436,5/4/2025,1175,2076,404,2,1289.71,417,West,,,
1437,5/4/2025,1126,2082,401,0,1066.4,2559,East,,,
1438,5/4/2025,1055,2017,401,1,1669.32,5585,East,,,
1439,5/4/2025,1169,2019,404,2,747.14,4962,West,,,
1440,5/4/2025,1099,2078,404,1,383.43,2542,West,,,
1441,5/4/2025,1052,2087,403,2,0,938,East,,,
1442,5/4/2025,1145,2086,403,3,2682.3,102,West,,,
1443,5/4/2025,1183,2044,401,0,1037.9,4048,East,,,
1444,5/4/2025,1156,2065,404,1,423.31,2633,West,,,
1445,5/4/2025,1075,2007,403,0,1166.78,3498,West,,,
1446,5/4/2025,1000,2090,403,0,143.28,2487,East,,,
1447,5/4/2025,1072,2003,402,3,0,4190,West,,,
1448,5/4/2025,1179,2075,404,2,1873.54,1504,West,,,
1449,5/4/2025,1182,2048,404,3,357.63,3459,West,,,
1450,5/4/2025,1111,2069,402,1,836.6,4337,East,,,
1451,5/4/2025,1121,2017,402,3,2782.2,5238,West,,,
1452,5/4/2025,1092,2053,402,2,1464.36,5116,West,,,
1453,5/4/2025,1171,2016,402,0,646.04,4702,West,,,
1454,5/4/2025,1018,2082,401,1,0,2832,East,,,
1455,5/4/2025,1184,2062,404,1,1672.27,4862,West,,,
1456,5/4/2025,1021,2017,404,3,463.7,4418,East,,,
1457,5/4/2025,1178,2077,404,1,505.65,1561,West,,,
1458,5/4/2025,1116,2065,404,3,470.34,1095,East,,,
1459,5/4/2025,1098,2045,402,1,280.93,3887,East,,,
1460,5/4/2025,1108,2077,401,3,1685.49,159,East,,,
1461,5/4/2025,1187,2030,403,3,509.91,3995,West,,,
1462,5/4/2025,1139,2073,403,0,499.43,3173,East,,,
1463,5/4/2025,1009,2072,404,2,0,2119,West,,,
1464,5/4/2025,1028,2074,404,0,3297.5,714,East,,,
1465,5/4/2025,1036,2093,403,3,0,3938,West,,,
1466,5/4/2025,1132,2010,401,1,0,440,West,,,
1467,5/4/2025,1120,2080,401,2,665.81,907,West,,,
1468,5/4/2025,1156,2006,403,0,198,2526,West,,,
1469,5/4/2025,1120,2058,404,2,1600.2,3622,East,,,
1470,5/4/2025,1107,2045,403,2,249.71,652,West,,,
1471,5/4/2025,1042,2004,403,2,0,3563,East,,,
1472,5/4/2025,1015,2080,404,1,749.03,5338,West,,,
1473,5/4/2025,1146,2006,403,0,792,2937,West,,,
1474,5/4/2025,1073,2062,401,1,1114.85,3753,West,,,
1475,5/4/2025,1129,2009,403,2,0,763,West,,,
1476,5/4/2025,1033,2078,403,2,340.82,1461,West,,,
1477,5/4/2025,1065,2001,401,1,371.12,5804,West,,,
1478,5/4/2025,1151,2094,402,3,493.35,3890,West,,,
1479,5/4/2025,1094,2022,403,1,0,1736,East,,,
1480,5/4/2025,1124,2023,401,2,2254.9,2821,East,,,
1481,5/4/2025,1021,2018,402,3,542.26,5918,East,,,
1482,5/4/2025,1192,2052,404,1,0,1905,West,,,
1483,5/4/2025,1169,2056,402,1,944.5,3048,West,,,
1484,5/4/2025,1147,2093,403,0,2267.82,309,East,,,
1485,5/4/2025,1164,2033,401,0,836.25,5720,West,,,
1486,5/4/2025,1042,2059,404,3,3072.3,5536,East,,,
1487,5/4/2025,1077,2060,402,3,1633.52,460,East,,,
1488,5/4/2025,1174,2090,404,3,286.56,728,East,,,
1489,5/4/2025,1067,2018,404,0,2169.04,2074,East,,,
1490,5/4/2025,1073,2057,404,2,349.58,1606,East,,,
1491,5/4/2025,1135,2087,401,0,318.64,128,East,,,
1492,5/4/2025,1136,2081,403,3,2238.66,1080,West,,,
1493,5/4/2025,1156,2083,403,2,1229.06,2642,West,,,
1494,5/4/2025,1069,2034,401,2,217.87,1835,West,,,
1495,5/4/2025,1167,2074,404,3,2638,4660,East,,,
1496,5/4/2025,1197,2086,402,1,2414.07,1552,West,,,
1497,5/4/2025,1133,2043,402,2,1397.52,3608,East,,,
1498,5/4/2025,1140,2001,401,0,1237.05,2889,East,,,
1499,5/4/2025,1003,2052,401,0,731.26,4653,West,,,
1500,5/4/2025,1175,2057,403,1,1179.85,3190,East,,,
1501,5/4/2025,1185,2036,403,1,980.91,64,East,,,
1502,5/4/2025,1008,2003,401,0,0,3795,West,,,
1503,5/4/2025,1152,2084,402,0,281.85,2089,West,,,
1504,5/4/2025,1181,2015,401,1,1214.95,3197,East,,,
1505,5/4/2025,1096,2084,402,0,0,3125,East,,,
1506,5/4/2025,1178,2023,403,2,1503.26,2707,East,,,
1507,5/4/2025,1119,2084,401,3,0,3339,West,,,
1508,5/4/2025,1070,2098,404,2,1452.58,5421,East,,,
1509,5/4/2025,1065,2020,401,2,300.66,3981,West,,,
1510,5/4/2025,1198,2007,404,3,2333.56,2893,East,,,
1511,5/4/2025,1085,2007,403,2,933.42,5203,East,,,
1512,5/4/2025,1045,2056,401,3,3148.32,5238,West,,,
1513,5/4/2025,1051,2078,404,1,383.43,3524,West,,,
1514,5/4/2025,1165,2062,401,1,557.42,3337,East,,,
1515,5/4/2025,1138,2098,404,1,817.07,3440,East,,,
1516,5/4/2025,1157,2082,401,3,1066.4,4496,West,,,
1517,5/4/2025,1183,2033,401,0,0,4626,East,,,
1518,5/4/2025,1018,2009,403,3,0,4982,East,,,
1519,5/4/2025,1004,2063,402,0,552.46,732,East,,,
1520,5/4/2025,1009,2085,404,2,193.72,4343,West,,,
1521,5/4/2025,1038,2089,403,3,1240.56,3009,West,,,
1522,5/4/2025,1147,2000,404,3,4846.55,2543,East,,,
1523,5/4/2025,1111,2051,401,1,211.18,2947,West,,,
1524,5/4/2025,1000,2049,404,0,5639.04,2861,West,,,
1525,5/4/2025,1145,2068,403,2,656.19,1032,West,,,
1526,5/4/2025,1174,2038,404,0,1853.02,3689,West,,,
1527,5/4/2025,1161,2082,401,2,213.28,4040,East,,,
1528,5/4/2025,1136,2043,401,3,3493.8,43,West,,,
1529,5/4/2025,1194,2098,403,1,2451.22,5763,East,,,
1530,5/4/2025,1045,2070,401,3,102.54,3292,West,,,
1531,5/4/2025,1169,2024,403,3,621.35,1177,East,,,
1532,5/4/2025,1027,2080,403,3,2496.78,904,West,,,
1533,5/4/2025,1021,2080,404,1,2247.1,2399,East,,,
1534,5/4/2025,1035,2004,402,0,1854.5,3414,East,,,
1535,5/4/2025,1184,2075,402,3,2341.92,1897,East,,,
1536,5/4/2025,1099,2008,403,3,66.59,5278,West,,,
1537,5/4/2025,1136,2057,401,0,1310.94,5104,West,,,
1538,5/4/2025,1086,2007,403,0,1750.17,2227,East,,,
1539,5/4/2025,1103,2015,402,3,2024.91,4159,East,,,
1540,5/4/2025,1173,2068,402,1,0,3081,East,,,
1541,5/4/2025,1018,2004,402,3,927.25,4649,East,,,
1542,5/4/2025,1167,2002,404,0,866,1439,East,,,
1543,5/4/2025,1062,2089,402,0,2067.6,4105,West,,,
1544,5/4/2025,1044,2080,401,2,665.81,2486,West,,,
1545,5/4/2025,1024,2058,402,0,2000.25,4690,East,,,
1546,5/4/2025,1027,2014,404,1,443.34,5433,East,,,
1547,5/4/2025,1016,2025,404,2,671.09,2659,East,,,
1548,5/4/2025,1188,2086,404,2,2861.12,48,West,,,
1549,5/4/2025,1030,2087,402,2,382.37,5219,West,,,
1550,5/4/2025,1054,2097,401,1,2273.67,4803,East,,,
1551,5/4/2025,1085,2008,401,2,106.54,5236,East,,,
1552,5/4/2025,1036,2096,404,1,1814.89,3293,West,,,
1553,5/4/2025,1178,2047,402,3,1004.94,1759,West,,,
1554,5/4/2025,1062,2074,401,1,1187.1,470,East,,,
1555,5/4/2025,1025,2080,404,1,3745.17,804,East,,,
1556,5/4/2025,1004,2062,401,0,2477.44,5784,East,,,
1557,5/4/2025,1001,2022,401,2,536.94,2255,West,,,
1558,5/4/2025,1106,2088,404,1,1276.83,2771,West,,,
1559,5/4/2025,1052,2018,403,3,2169.04,3695,West,,,
1560,5/4/2025,1105,2030,402,0,339.94,2968,West,,,
1561,5/4/2025,1152,2023,404,0,1879.08,627,West,,,
1562,5/4/2025,1160,2038,403,3,0,959,West,,,
1563,5/4/2025,1001,2071,402,1,1660.93,1839,East,,,
1564,5/4/2025,1030,2067,401,2,465.52,4707,East,,,
1565,5/4/2025,1194,2069,402,3,929.56,3300,West,,,
1566,5/4/2025,1197,2080,402,2,1331.62,5360,East,,,
1567,5/4/2025,1013,2024,401,1,335.53,2030,East,,,
1568,5/4/2025,1175,2060,404,1,735.08,1623,East,,,
1569,5/4/2025,1040,2085,401,0,484.3,5617,West,,,
1570,5/4/2025,1165,2046,403,1,60.17,5765,East,,,
1571,5/4/2025,1111,2032,403,3,3782.4,4829,East,,,
1572,5/4/2025,1011,2013,401,1,1683.65,1046,West,,,
1573,5/4/2025,1040,2003,404,0,385.18,370,West,,,
1574,5/4/2025,1018,2030,404,2,135.98,2627,West,,,
1575,5/4/2025,1107,2025,403,1,754.97,2089,West,,,
1576,5/4/2025,1199,2014,403,1,0,2636,West,,,
1577,5/4/2025,1025,2030,404,1,0,3116,West,,,
1578,5/4/2025,1096,2028,401,3,2551.76,3930,East,,,
1579,5/4/2025,1149,2062,401,3,1858.08,2422,West,,,
1580,5/4/2025,1037,2027,404,1,465.5,3423,West,,,
1581,5/4/2025,1099,2047,402,3,0,3378,East,,,
1582,5/4/2025,1184,2024,403,2,198.83,2100,East,,,
1583,5/4/2025,1051,2042,402,0,167.61,2808,West,,,
1584,5/4/2025,1177,2072,401,2,672.48,3673,East,,,
1585,5/4/2025,1034,2014,404,3,985.2,196,West,,,
1586,5/4/2025,1107,2021,403,1,751.87,5566,West,,,
1587,5/4/2025,1075,2077,402,1,2528.24,3874,West,,,
1588,5/4/2025,1147,2070,402,0,34.18,4380,East,,,
1589,5/4/2025,1105,2066,404,1,928.91,3504,East,,,
1590,5/4/2025,1151,2060,404,2,653.41,3419,West,,,
1591,5/4/2025,1003,2093,404,1,680.35,1849,East,,,
1592,5/4/2025,1063,2041,404,1,2171.37,1286,East,,,
1593,5/4/2025,1151,2019,401,3,933.93,1447,East,,,
1594,5/4/2025,1011,2005,404,0,428.78,2337,West,,,
1595,5/4/2025,1108,2067,404,3,290.95,3166,East,,,
1596,5/4/2025,1178,2012,404,3,623.19,3961,West,,,
1597,5/4/2025,1061,2010,401,3,389.2,4641,West,,,
1598,5/4/2025,1055,2016,403,2,0,1523,East,,,
1599,5/4/2025,1061,2082,401,0,266.6,5374,East,,,
1600,5/4/2025,1122,2085,403,1,217.94,1210,West,,,
1601,5/4/2025,1180,2058,401,3,666.75,2065,West,,,
1602,5/4/2025,1118,2098,402,3,907.86,2261,West,,,
1603,5/4/2025,1047,2047,404,0,334.98,43,East,,,
1604,5/4/2025,1160,2009,404,2,0,4039,East,,,
1605,5/4/2025,1135,2004,403,3,3709,1407,East,,,
1606,5/4/2025,1192,2034,402,0,0,85,West,,,
1607,5/4/2025,1158,2042,401,2,402.26,1048,West,,,
1608,5/4/2025,1013,2014,404,2,197.04,90,West,,,
1609,5/4/2025,1119,2079,401,2,4562.59,2273,West,,,
1610,5/4/2025,1093,2022,401,1,604.06,569,West,,,
1611,5/4/2025,1035,2042,402,0,335.22,108,West,,,
1612,5/4/2025,1166,2061,402,1,179.93,2972,East,,,
1613,5/4/2025,1082,2045,403,3,312.14,653,West,,,
1614,5/4/2025,1070,2006,401,2,633.6,472,East,,,
1615,5/4/2025,1088,2057,404,0,436.98,2838,West,,,
1616,5/4/2025,1120,2090,403,3,214.92,4175,West,,,
1617,5/4/2025,1158,2047,401,1,904.45,5940,West,,,
1618,5/4/2025,1117,2011,401,3,0,4436,East,,,
1619,5/4/2025,1045,2036,401,0,217.98,4680,East,,,
1620,5/4/2025,1042,2035,401,1,809.99,5473,East,,,
1621,5/4/2025,1127,2019,402,0,933.93,4128,East,,,
1622,5/4/2025,1075,2053,402,3,2440.6,4122,West,,,
1623,5/4/2025,1088,2053,404,0,610.15,5285,East,,,
1624,5/4/2025,1074,2024,401,0,248.54,3718,West,,,
1625,5/4/2025,1059,2066,403,3,2064.24,3150,East,,,
1626,5/4/2025,1148,2043,403,3,873.45,4107,West,,,
1627,5/4/2025,1151,2085,404,3,726.45,937,West,,,
1628,5/4/2025,1077,2072,402,2,1008.72,4094,West,,,
1629,5/4/2025,1043,2033,402,3,836.25,1096,West,,,
1630,5/4/2025,1095,2036,401,1,392.36,3696,West,,,
1631,5/4/2025,1090,2036,404,1,588.55,5754,West,,,
1632,5/4/2025,1158,2020,403,1,676.49,1216,West,,,
1633,5/4/2025,1044,2090,402,1,0,1765,West,,,
1634,5/4/2025,1060,2014,401,2,591.12,2417,West,,,
1635,5/4/2025,1147,2016,404,2,516.83,1506,West,,,
1636,5/4/2025,1094,2023,402,0,1879.08,3303,West,,,
1637,5/4/2025,1170,2040,403,1,0,2901,West,,,
1638,5/4/2025,1095,2057,402,2,349.58,2643,West,,,
1639,5/4/2025,1031,2003,404,3,0,4507,East,,,
1640,5/4/2025,1196,2018,404,2,433.81,643,East,,,
1641,5/4/2025,1039,2000,403,2,775.45,2219,West,,,
1642,5/4/2025,1121,2037,402,3,1080.42,3466,East,,,
1643,5/4/2025,1086,2088,401,3,2837.4,1588,East,,,
1644,5/4/2025,1010,2017,401,2,1112.88,1732,West,,,
1645,5/4/2025,1006,2051,402,3,351.96,1046,East,,,
1646,5/4/2025,1091,2011,403,0,819.48,4811,East,,,
1647,5/4/2025,1155,2082,402,1,959.76,5623,West,,,
1648,5/4/2025,1005,2098,403,1,817.07,3685,West,,,
1649,5/4/2025,1005,2010,404,0,233.52,591,West,,,
1650,5/4/2025,1131,2050,402,3,747.12,3404,West,,,
1651,5/4/2025,1081,2077,401,2,1797.86,2289,East,,,
1652,5/4/2025,1101,2018,404,2,867.62,1080,West,,,
1653,5/4/2025,1098,2047,401,2,1071.94,4037,West,,,
1654,5/4/2025,1088,2044,403,3,830.32,5143,West,,,
1655,5/4/2025,1143,2011,402,3,1229.22,63,East,,,
1656,5/4/2025,1189,2053,404,2,1464.36,2687,West,,,
1657,5/4/2025,1041,2093,404,3,2267.82,1268,West,,,
1658,5/4/2025,1035,2075,401,1,1405.15,2554,East,,,
1659,5/4/2025,1053,2038,404,2,2964.83,4588,West,,,
1660,5/4/2025,1016,2075,404,0,3122.56,1240,West,,,
1661,5/4/2025,1001,2052,403,3,731.26,3009,West,,,
1662,5/4/2025,1044,2071,404,1,553.64,3548,West,,,
1663,5/4/2025,1051,2023,404,2,0,4628,East,,,
1664,5/4/2025,1141,2062,401,2,1486.46,3472,West,,,
1665,5/4/2025,1149,2038,404,3,926.51,1095,East,,,
1666,5/4/2025,1057,2003,401,1,2079.97,3661,East,,,
1667,5/4/2025,1067,2038,404,0,926.51,3422,West,,,
1668,5/4/2025,1167,2085,403,3,242.15,2594,West,,,
1669,5/4/2025,1045,2062,402,0,1858.08,1706,West,,,
1670,5/4/2025,1030,2097,403,3,3368.4,1208,West,,,
1671,5/4/2025,1017,2076,403,3,0,204,East,,,
1672,5/4/2025,1144,2055,403,3,161.82,3669,West,,,
1673,5/4/2025,1177,2015,403,0,674.97,2547,East,,,
1674,5/4/2025,1066,2020,401,1,1014.74,2961,East,,,
1675,5/4/2025,1081,2059,402,2,409.64,2283,East,,,
1676,5/4/2025,1041,2006,403,2,475.2,409,East,,,
1677,5/4/2025,1107,2081,403,0,3731.1,998,East,,,
1678,5/4/2025,1074,2037,401,1,0,5986,West,,,
1679,5/4/2025,1196,2080,402,0,832.26,5681,East,,,
1680,5/4/2025,1153,2096,402,2,1075.49,2033,West,,,
1681,5/4/2025,1080,2087,403,2,127.46,2106,West,,,
1682,5/4/2025,1175,2089,403,0,2067.6,1128,East,,,
1683,5/4/2025,1136,2074,403,1,593.55,1435,East,,,
1684,5/4/2025,1003,2017,403,2,1112.88,5734,East,,,
1685,5/4/2025,1199,2062,404,2,990.98,546,East,,,
1686,5/4/2025,1041,2013,402,1,1683.65,641,East,,,
1687,5/4/2025,1128,2028,402,0,0,4102,East,,,
1688,5/4/2025,1106,2058,401,0,1333.5,5270,West,,,
1689,5/4/2025,1033,2002,404,2,1385.6,5287,West,,,
1690,5/4/2025,1079,2088,403,1,2553.66,2899,West,,,
1691,5/4/2025,1113,2076,403,1,0,1995,West,,,
1692,5/4/2025,1181,2038,401,0,2779.53,4687,East,,,
1693,5/4/2025,1056,2016,402,1,872.15,4839,West,,,
1694,5/4/2025,1078,2016,402,1,872.15,1229,West,,,
1695,5/4/2025,1020,2054,401,0,1801.02,2130,West,,,
1696,5/4/2025,1004,2099,404,3,0,3703,East,,,
1697,5/4/2025,1010,2025,401,0,559.24,2296,West,,,
1698,5/4/2025,1168,2065,401,3,1411.02,3299,East,,,
1699,5/4/2025,1030,2032,401,0,945.6,4617,West,,,
1700,5/4/2025,1077,2085,401,0,0,2623,East,,,
1701,5/4/2025,1005,2015,402,1,0,609,West,,,
1702,5/4/2025,1047,2085,403,0,242.15,2203,East,,,
1703,5/4/2025,1023,2018,403,2,0,714,West,,,
1704,5/4/2025,1090,2020,402,0,751.66,4996,East,,,
1705,5/4/2025,1025,2074,401,1,593.55,5028,West,,,
1706,5/4/2025,1183,2024,403,1,335.53,3640,East,,,
1707,5/4/2025,1193,2068,401,0,820.24,3300,East,,,
1708,5/4/2025,1054,2064,404,2,235.23,5035,East,,,
1709,5/4/2025,1178,2075,402,3,5464.48,2664,East,,,
1710,5/4/2025,1172,2013,402,2,2244.86,2734,West,,,
1711,5/4/2025,1097,2054,402,1,810.46,3983,East,,,
1712,5/4/2025,1104,2014,403,0,246.3,980,East,,,
1713,5/4/2025,1119,2014,402,3,1231.5,3029,East,,,
1714,5/4/2025,1195,2046,403,0,100.29,4723,East,,,
1715,5/4/2025,1021,2041,404,0,0,4899,West,,,
1716,5/4/2025,1098,2036,404,2,0,4183,West,,,
1717,5/4/2025,1175,2056,402,3,2098.88,120,West,,,
1718,5/4/2025,1074,2054,402,0,2701.53,4410,East,,,
1719,5/4/2025,1121,2086,403,1,3218.76,1114,West,,,
1720,5/4/2025,1003,2086,404,0,1788.2,5432,West,,,
1721,5/4/2025,1101,2056,401,0,524.72,709,East,,,
1722,5/4/2025,1036,2050,404,0,747.12,2973,West,,,
1723,5/4/2025,1189,2021,401,2,1336.66,3145,West,,,
1724,5/4/2025,1050,2043,402,3,873.45,862,East,,,
1725,5/4/2025,1031,2029,404,3,40.53,1908,West,,,
1726,5/4/2025,1071,2097,403,3,2526.3,1471,East,,,
1727,5/4/2025,1091,2060,404,3,1225.14,2160,East,,,
1728,5/4/2025,1130,2035,402,3,899.99,5843,West,,,
1729,5/4/2025,1027,2015,403,3,0,1714,East,,,
1730,5/4/2025,1127,2029,402,0,40.53,3401,East,,,
1731,5/4/2025,1025,2094,401,0,1973.4,5984,West,,,
1732,5/4/2025,1127,2086,401,1,4828.14,3157,East,,,
1733,5/4/2025,1097,2077,403,1,2022.59,2758,West,,,
1734,5/4/2025,1077,2079,401,0,1901.08,1923,West,,,
1735,5/4/2025,1169,2096,404,3,672.18,1880,West,,,
1736,5/4/2025,1051,2037,404,3,1800.7,380,West,,,
1737,5/4/2025,1129,2033,403,0,1672.5,3165,East,,,
1738,5/4/2025,1195,2004,404,0,2781.75,801,East,,,
1739,5/4/2025,1098,2057,403,3,1310.94,615,East,,,
1740,5/4/2025,1113,2058,401,0,2000.25,4760,West,,,
1741,5/4/2025,1045,2071,403,1,0,3659,West,,,
1742,5/4/2025,1125,2055,402,2,86.3,2215,East,,,
1743,5/4/2025,1183,2049,404,0,1879.68,4226,East,,,
1744,5/4/2025,1145,2086,404,3,2682.3,4922,West,,,
1745,5/4/2025,1121,2071,402,0,1845.48,4439,East,,,
1746,5/4/2025,1100,2033,404,3,2508.75,2265,West,,,
1747,5/4/2025,1157,2086,403,2,1430.56,5297,East,,,
1748,5/4/2025,1082,2007,401,0,1750.17,3042,West,,,
1749,5/4/2025,1032,2046,403,0,167.15,4906,East,,,
1750,5/4/2025,1195,2080,403,3,3329.04,4307,West,,,
1751,5/4/2025,1024,2054,403,2,0,860,West,,,
1752,5/4/2025,1105,2044,401,1,373.64,5454,West,,,
1753,5/4/2025,1063,2030,403,0,509.91,2380,East,,,
1754,5/4/2025,1176,2008,403,0,133.18,4391,East,,,
1755,5/4/2025,1086,2021,401,2,2004.98,5703,East,,,
1756,5/4/2025,1009,2058,404,3,2000.25,3520,West,,,
1757,5/4/2025,1068,2002,404,0,0,5229,West,,,
1758,5/4/2025,1081,2048,404,2,572.21,797,East,,,
1759,5/4/2025,1146,2012,404,0,623.19,1682,West,,,
1760,5/4/2025,1176,2086,402,2,1430.56,4039,West,,,
1761,5/4/2025,1127,2064,403,1,529.27,1903,East,,,
1762,5/4/2025,1157,2038,403,3,4632.55,3077,East,,,
1763,5/4/2025,1051,2063,401,1,0,2997,East,,,
1764,5/4/2025,1073,2033,401,2,1338,1271,East,,,
1765,5/4/2025,1146,2051,402,0,0,5563,East,,,
1766,5/4/2025,1183,2074,401,2,0,4978,West,,,
1767,5/4/2025,1069,2008,404,3,66.59,2190,East,,,
1768,5/4/2025,1053,2044,401,2,332.13,3081,East,,,
1769,5/4/2025,1129,2038,404,2,0,2273,East,,,
1770,5/4/2025,1051,2053,404,2,488.12,3151,East,,,
1771,5/4/2025,1159,2065,404,1,1693.22,1173,East,,,
1772,5/4/2025,1004,2080,402,3,3329.04,3960,West,,,
1773,5/4/2025,1054,2084,404,2,901.92,657,West,,,
1774,5/4/2025,1163,2068,404,0,1640.48,1441,East,,,
1775,5/4/2025,1133,2025,403,3,838.86,4791,West,,,
1776,5/4/2025,1037,2030,402,2,271.95,4917,East,,,
1777,5/4/2025,1111,2052,403,0,731.26,1560,East,,,
1778,5/4/2025,1162,2026,404,2,169.25,5856,East,,,
1779,5/4/2025,1073,2082,402,2,213.28,1596,West,,,
1780,5/4/2025,1175,2076,402,3,806.07,3641,West,,,
1781,5/4/2025,1061,2014,402,1,665.01,4782,East,,,
1782,5/4/2025,1007,2031,403,3,1695.9,743,West,,,
1783,5/4/2025,1124,2071,404,3,1845.48,3526,West,,,
1784,5/4/2025,1165,2004,402,1,1669.05,3453,West,,,
1785,5/4/2025,1069,2017,401,2,0,376,East,,,
1786,5/4/2025,1071,2084,402,0,281.85,919,West,,,
1787,5/4/2025,1184,2062,401,0,2477.44,1548,West,,,
1788,5/4/2025,1021,2040,403,0,69.08,4616,East,,,
1789,5/4/2025,1104,2046,401,3,167.15,1385,West,,,
1790,5/4/2025,1185,2017,402,0,1854.8,3571,West,,,
1791,5/4/2025,1146,2094,401,2,789.36,93,West,,,
1792,5/4/2025,1127,2011,402,0,409.74,5616,West,,,
1793,5/4/2025,1197,2040,403,3,138.16,5660,East,,,
1794,5/4/2025,1191,2095,402,3,1963.16,4984,West,,,
1795,5/4/2025,1055,2018,401,1,488.03,4821,East,,,
1796,5/4/2025,1054,2035,404,3,899.99,970,East,,,
1797,5/4/2025,1065,2075,401,3,3903.2,3576,West,,,
1798,5/4/2025,1136,2047,401,2,267.98,3801,West,,,
1799,5/4/2025,1139,2054,404,1,3241.84,1371,East,,,
1800,5/4/2025,1071,2018,403,3,0,2204,East,,,
1801,5/4/2025,1183,2047,403,0,1004.94,3443,West,,,
1802,5/4/2025,1165,2077,401,0,1685.49,4350,East,,,
1803,5/4/2025,1176,2085,402,2,581.16,5584,East,,,
1804,5/4/2025,1141,2049,403,2,1503.74,4379,East,,,
1805,5/4/2025,1175,2015,402,3,674.97,2902,West,,,
1806,5/4/2025,1099,2001,404,2,0,2114,East,,,
1807,5/4/2025,1077,2011,402,2,655.58,1595,East,,,
1808,5/4/2025,1053,2020,404,2,601.33,4112,East,,,
1809,5/4/2025,1196,2082,404,0,533.2,4545,West,,,
1810,5/4/2025,1070,2010,404,3,311.36,4824,West,,,
1811,5/4/2025,1188,2052,403,3,2925.04,3526,East,,,
1812,5/4/2025,1025,2020,403,0,375.83,4407,West,,,
1813,5/4/2025,1090,2053,403,3,1830.45,1317,East,,,
1814,5/4/2025,1177,2003,401,1,346.66,3473,East,,,
1815,5/4/2025,1161,2056,402,0,1049.44,626,East,,,
1816,5/4/2025,1102,2025,403,2,0,3533,West,,,
1817,5/4/2025,1147,2010,401,1,70.06,5390,East,,,
1818,5/4/2025,1063,2066,402,3,516.06,1064,East,,,
1819,5/4/2025,1081,2057,404,1,786.56,5688,West,,,
1820,5/4/2025,1066,2022,403,2,536.94,3483,East,,,
1821,5/4/2025,1050,2010,404,2,62.27,1984,East,,,
1822,5/4/2025,1046,2050,404,1,336.2,2953,West,,,
1823,5/4/2025,1005,2002,402,0,3464,1009,West,,,
1824,5/4/2025,1118,2025,403,1,0,882,West,,,
1825,5/4/2025,1012,2051,404,2,93.86,4189,East,,,
1826,5/4/2025,1038,2011,403,1,1475.06,623,West,,,
1827,5/4/2025,1145,2015,401,3,2024.91,1619,West,,,
1828,5/4/2025,1197,2058,404,0,666.75,2597,West,,,
1829,5/4/2025,1057,2091,402,1,815.21,4149,West,,,
1830,5/4/2025,1005,2034,403,3,544.68,691,West,,,
1831,5/4/2025,1097,2016,404,1,290.72,5533,West,,,
1832,5/4/2025,1153,2027,403,1,698.25,2807,East,,,
1833,5/4/2025,1107,2023,404,1,2536.76,2632,West,,,
1834,5/4/2025,1007,2037,403,1,648.25,1013,East,,,
1835,5/4/2025,1158,2057,402,2,699.17,3446,West,,,
1836,5/4/2025,1149,2087,404,0,637.28,4207,East,,,
1837,5/4/2025,1002,2060,402,2,326.7,34,East,,,
1838,5/4/2025,1177,2050,402,3,186.78,5498,East,,,
1839,5/4/2025,1181,2054,403,0,1801.02,2260,East,,,
1840,5/4/2025,1024,2071,401,0,615.16,3762,West,,,
1841,5/4/2025,1085,2030,404,2,407.93,3931,East,,,
1842,5/4/2025,1155,2085,401,0,726.45,802,East,,,
1843,5/4/2025,1064,2064,404,2,940.93,2396,East,,,
1844,5/4/2025,1101,2085,403,1,217.94,1782,East,,,
1845,5/4/2025,1143,2005,402,2,343.02,5836,West,,,
1846,5/4/2025,1043,2064,404,2,235.23,2897,East,,,
1847,5/4/2025,1119,2016,401,2,258.42,2898,West,,,
1848,5/4/2025,1181,2067,404,1,523.71,1084,East,,,
1849,5/4/2025,1066,2014,403,0,0,5436,East,,,
1850,5/4/2025,1032,2063,403,2,441.97,126,East,,,
1851,5/4/2025,1110,2036,403,2,348.77,3387,West,,,
1852,5/4/2025,1132,2040,404,1,124.34,2248,East,,,
1853,5/4/2025,1080,2094,404,1,0,5195,East,,,
1854,5/4/2025,1142,2084,404,0,0,2786,West,,,
1855,5/4/2025,1048,2019,401,1,840.54,5392,East,,,
1856,5/4/2025,1046,2004,404,2,741.8,1846,East,,,
1857,5/4/2025,1041,2090,404,3,358.2,3441,East,,,
1858,5/4/2025,1029,2063,401,3,1657.38,4993,East,,,
1859,5/4/2025,1091,2090,404,3,214.92,1088,East,,,
1860,5/4/2025,1126,2014,402,0,492.6,338,West,,,
1861,5/4/2025,1089,2011,402,2,1638.96,4718,West,,,
1862,5/4/2025,1046,2021,403,1,2255.61,3173,East,,,
1863,5/4/2025,1149,2000,402,3,4846.55,5325,West,,,
1864,5/4/2025,1019,2031,404,0,1695.9,2406,West,,,
1865,5/4/2025,1084,2003,403,0,0,2618,East,,,
1866,5/4/2025,1100,2047,401,2,803.95,1182,East,,,
1867,5/4/2025,1039,2003,401,3,1155.54,5462,East,,,
1868,5/4/2025,1181,2084,404,3,1127.4,1158,East,,,
1869,5/4/2025,1160,2034,401,2,326.81,3655,East,,,
1870,5/4/2025,1011,2083,404,2,614.53,2181,West,,,
1871,5/4/2025,1187,2093,402,1,680.35,5932,East,,,
1872,5/4/2025,1012,2082,403,2,853.12,4813,West,,,
1873,5/4/2025,1014,2095,401,3,0,5439,East,,,
1874,5/4/2025,1023,2051,403,1,211.18,5308,East,,,
1875,5/4/2025,1061,2098,404,0,2723.58,3248,East,,,
1876,5/4/2025,1005,2026,402,3,211.56,621,West,,,
1877,5/4/2025,1199,2051,403,1,0,2177,West,,,
1878,5/4/2025,1030,2038,404,3,3706.04,4725,East,,,
1879,5/4/2025,1188,2039,402,2,1562.3,1085,East,,,
1880,5/4/2025,1170,2012,403,1,560.87,2059,East,,,
1881,5/4/2025,1125,2057,404,3,1310.94,1338,West,,,
1882,5/4/2025,1068,2072,404,0,420.3,242,East,,,
1883,5/4/2025,1193,2054,403,1,0,5717,East,,,
1884,5/4/2025,1111,2080,404,0,1664.52,1769,East,,,
1885,5/4/2025,1010,2065,403,3,0,2364,West,,,
1886,5/4/2025,1173,2028,402,3,2551.76,5089,East,,,
1887,5/4/2025,1134,2080,401,2,1331.62,1783,West,,,
1888,5/4/2025,1119,2055,401,3,269.7,1713,East,,,
1889,5/4/2025,1076,2019,402,2,747.14,5590,East,,,
1890,5/4/2025,1063,2066,404,2,0,3764,West,,,
1891,5/4/2025,1145,2006,401,0,0,5560,East,,,
1892,5/4/2025,1131,2013,404,3,4676.8,3734,West,,,
1893,5/4/2025,1024,2059,403,2,0,4187,West,,,
1894,5/4/2025,1065,2074,401,0,3297.5,858,West,,,
1895,5/4/2025,1029,2094,404,1,0,3794,West,,,
1896,5/4/2025,1046,2050,401,0,560.34,1934,West,,,
1897,5/4/2025,1106,2090,403,2,114.62,5815,East,,,
1898,5/4/2025,1150,2092,404,3,482.21,1155,East,,,
1899,5/4/2025,1159,2033,403,1,752.62,3030,West,,,
1900,5/4/2025,1054,2023,401,2,751.63,4667,East,,,
1901,5/4/2025,1172,2013,404,0,1870.72,5969,West,,,
1902,5/4/2025,1001,2050,401,0,560.34,4363,East,,,
1903,5/4/2025,1043,2083,404,3,2304.48,3006,West,,,
1904,5/4/2025,1177,2051,404,2,281.57,5084,East,,,
1905,5/4/2025,1158,2078,403,3,568.04,4154,East,,,
1906,5/4/2025,1077,2011,402,1,368.77,5378,East,,,
1907,5/4/2025,1003,2024,401,0,248.54,2083,East,,,
1908,5/4/2025,1178,2024,401,1,223.69,3920,East,,,
1909,5/4/2025,1123,2083,402,1,1382.69,1762,West,,,
1910,5/4/2025,1111,2080,402,0,3329.04,5783,East,,,
1911,5/4/2025,1077,2098,404,1,817.07,1532,East,,,
1912,5/4/2025,1121,2054,401,0,0,2528,East,,,
1913,5/4/2025,1042,2019,404,3,933.93,408,West,,,
1914,5/4/2025,1120,2002,404,1,1558.8,3125,West,,,
1915,5/4/2025,1051,2037,404,0,0,1429,East,,,
1916,5/4/2025,1085,2001,401,3,412.35,4404,East,,,
1917,5/4/2025,1106,2063,403,0,0,4802,West,,,
1918,5/4/2025,1124,2051,404,3,351.96,5542,West,,,
1919,5/4/2025,1059,2091,401,0,1811.58,3032,West,,,
1920,5/4/2025,1108,2073,403,0,1498.29,3792,West,,,
1921,5/4/2025,1068,2082,404,3,0,4954,West,,,
1922,5/4/2025,1029,2063,403,3,3314.76,1566,East,,,
1923,5/4/2025,1178,2055,401,1,242.73,5551,West,,,
1924,5/4/2025,1073,2092,402,3,482.21,3643,East,,,
1925,5/4/2025,1088,2056,402,1,1888.99,5237,West,,,
1926,5/4/2025,1150,2087,403,3,477.96,1661,West,,,
1927,5/4/2025,1033,2037,404,3,1440.56,3350,West,,,
1928,5/4/2025,1172,2083,403,3,2304.48,1154,West,,,
1929,5/4/2025,1041,2079,402,2,2281.3,4882,East,,,
1930,5/4/2025,1176,2095,401,3,1472.37,3046,East,,,
1931,5/4/2025,1033,2022,402,1,1208.12,724,West,,,
1932,5/4/2025,1155,2062,401,3,1858.08,3658,East,,,
1933,5/4/2025,1126,2038,402,1,1667.72,242,East,,,
1934,5/4/2025,1142,2006,401,2,0,2005,West,,,
1935,5/4/2025,1066,2045,402,1,1123.7,628,East,,,
1936,5/4/2025,1128,2004,401,2,2967.2,4588,West,,,
1937,5/4/2025,1110,2014,402,0,246.3,4633,West,,,
1938,5/4/2025,1143,2028,404,2,1531.06,749,West,,,
1939,5/4/2025,1087,2045,401,2,0,4870,East,,,
1940,5/4/2025,1038,2088,401,0,1418.7,5259,East,,,
1941,5/4/2025,1112,2058,401,0,0,2547,West,,,
1942,5/4/2025,1005,2078,401,0,426.03,1056,East,,,
1943,5/4/2025,1129,2013,402,0,1870.72,1412,East,,,
1944,5/4/2025,1052,2046,402,2,26.74,5500,West,,,
1945,5/4/2025,1181,2056,404,0,0,2155,East,,,
1946,5/4/2025,1039,2082,403,2,0,2674,West,,,
1947,5/4/2025,1035,2015,402,3,3374.85,809,West,,,
1948,5/4/2025,1106,2098,401,1,1634.15,3868,East,,,
1949,5/4/2025,1121,2043,403,1,1572.21,4000,West,,,
1950,5/4/2025,1021,2034,403,3,544.68,5932,East,,,
1951,5/4/2025,1092,2080,402,1,3745.17,929,East,,,
1952,5/4/2025,1192,2096,404,1,1814.89,4287,West,,,
1953,5/4/2025,1035,2054,404,3,0,4658,East,,,
1954,5/4/2025,1117,2066,403,0,0,284,West,,,
1955,5/4/2025,1113,2018,401,0,1084.52,5304,West,,,
1956,5/4/2025,1021,2043,403,3,2620.35,2223,East,,,
1957,5/4/2025,1197,2021,404,0,1670.82,2155,East,,,
1958,5/4/2025,1100,2097,401,1,2273.67,2488,West,,,
1959,5/4/2025,1147,2007,403,3,0,4072,West,,,
1960,5/4/2025,1102,2087,403,2,0,3671,West,,,
1961,5/4/2025,1088,2001,403,1,1113.34,4685,East,,,
1962,5/4/2025,1179,2051,404,1,211.18,4365,East,,,
1963,5/4/2025,1139,2079,404,2,2281.3,2075,East,,,
1964,5/4/2025,1005,2083,404,1,691.34,1693,West,,,
1965,5/4/2025,1077,2010,401,2,186.82,3350,West,,,
1966,5/4/2025,1099,2092,402,2,1157.3,1995,West,,,
1967,5/4/2025,1054,2011,403,2,327.79,2981,West,,,
1968,5/4/2025,1193,2081,402,0,2238.66,3060,East,,,
1969,5/4/2025,1007,2069,403,1,836.6,5833,East,,,
1970,5/4/2025,1198,2038,404,0,1853.02,4380,East,,,
1971,5/4/2025,1187,2007,403,2,466.71,1627,West,,,
1972,5/4/2025,1160,2064,403,0,1176.16,5690,West,,,
1973,5/4/2025,1012,2096,401,3,672.18,60,West,,,
1974,5/4/2025,1076,2073,401,3,499.43,2455,East,,,
1975,5/4/2025,1086,2030,402,2,407.93,4345,West,,,
1976,5/4/2025,1076,2036,402,3,217.98,4318,East,,,
1977,5/4/2025,1133,2094,402,0,1973.4,4853,East,,,
1978,5/4/2025,1083,2066,402,2,1238.54,5681,East,,,
1979,5/4/2025,1116,2012,402,3,0,2186,East,,,
1980,5/4/2025,1105,2010,401,0,155.68,3969,East,,,
1981,5/4/2025,1108,2016,404,1,872.15,3565,East,,,
1982,5/4/2025,1114,2009,403,3,198.93,1052,West,,,
1983,5/4/2025,1150,2071,404,2,492.13,2901,East,,,
1984,5/4/2025,1149,2063,404,3,2762.3,2060,West,,,
1985,5/4/2025,1176,2062,404,1,557.42,2733,West,,,
1986,5/4/2025,1036,2064,402,3,294.04,1859,West,,,
1987,5/4/2025,1182,2058,402,0,0,3031,West,,,
1988,5/4/2025,1177,2027,404,3,1034.44,772,West,,,
1989,5/4/2025,1008,2095,402,2,0,518,East,,,
1990,5/4/2025,1030,2077,404,0,1123.66,885,West,,,
1991,5/4/2025,1030,2047,403,0,334.98,1582,East,,,
1992,5/4/2025,1133,2019,401,2,747.14,5490,West,,,
1993,5/4/2025,1078,2047,403,2,535.97,440,West,,,
1994,5/4/2025,1124,2003,402,1,1386.65,969,East,,,
1995,5/4/2025,1005,2075,404,0,3122.56,2056,West,,,
1996,5/4/2025,1078,2036,402,1,588.55,351,West,,,
1997,5/4/2025,1189,2062,401,0,2477.44,2328,East,,,
1998,5/4/2025,1140,2044,401,0,207.58,1871,West,,,
1999,5/4/2025,1106,2061,403,3,599.76,4073,East,,,
2000,5/4/2025,1086,2048,404,1,321.87,2404,West,,,
6,5/4/2025,1089,2028,401,0,1275.88,4992,West,,,
